/*
 Navicat Premium Data Transfer

 Source Server         : mysql
 Source Server Type    : MySQL
 Source Server Version : 80034 (8.0.34)
 Source Host           : localhost:3307
 Source Schema         : sample_music

 Target Server Type    : MySQL
 Target Server Version : 80034 (8.0.34)
 File Encoding         : 65001

 Date: 18/04/2025 16:39:22
*/

SET NAMES utf8mb4;
SET FOREIGN_KEY_CHECKS = 0;

-- ----------------------------
-- Table structure for album
-- ----------------------------
DROP TABLE IF EXISTS `album`;
CREATE TABLE `album`  (
  `id` bigint NOT NULL AUTO_INCREMENT COMMENT '专辑id',
  `artist_id` bigint NULL DEFAULT NULL COMMENT '歌手id',
  `title` varchar(255) CHARACTER SET utf8mb4 COLLATE utf8mb4_0900_ai_ci NOT NULL COMMENT '专辑名',
  `likes` int NULL DEFAULT 0 COMMENT '点赞数',
  `listeners` int NULL DEFAULT 0 COMMENT '收听数',
  `cover` varchar(255) CHARACTER SET utf8mb4 COLLATE utf8mb4_0900_ai_ci NULL DEFAULT NULL COMMENT '专辑封面',
  `description` varchar(255) CHARACTER SET utf8mb4 COLLATE utf8mb4_0900_ai_ci NULL DEFAULT NULL COMMENT '专辑简介',
  `tags` varchar(255) CHARACTER SET utf8mb3 COLLATE utf8mb3_bin NULL DEFAULT NULL COMMENT '标签列表（json数组）',
  `release_date` date NULL DEFAULT NULL COMMENT '专辑发布日期',
  `create_time` datetime NULL DEFAULT CURRENT_TIMESTAMP COMMENT '专辑信息上传时间',
  `update_time` datetime NULL DEFAULT CURRENT_TIMESTAMP COMMENT '专辑信息更新时间',
  PRIMARY KEY (`id`) USING BTREE,
  INDEX `fk_album_artist`(`artist_id` ASC) USING BTREE,
  CONSTRAINT `fk_album_artist` FOREIGN KEY (`artist_id`) REFERENCES `artist` (`id`) ON DELETE SET NULL ON UPDATE CASCADE
) ENGINE = InnoDB AUTO_INCREMENT = 17 CHARACTER SET = utf8mb3 COLLATE = utf8mb3_bin COMMENT = '专辑信息' ROW_FORMAT = DYNAMIC;

-- ----------------------------
-- Records of album
-- ----------------------------
INSERT INTO `album` VALUES (1, 1, 'Jay', 0, 4, 'https://sample2003.oss-cn-guangzhou.aliyuncs.com/music/image/1jay.jpg', '周杰伦发布的第一张专辑。', NULL, '2000-11-07', '2024-11-28 22:08:22', '2024-11-28 22:08:22');
INSERT INTO `album` VALUES (2, 1, '范特西', 1, 0, 'https://sample2003.oss-cn-guangzhou.aliyuncs.com/music/image/2ftx.jpg', '周杰伦发布的第二张专辑。', NULL, '2001-09-20', '2024-11-28 22:08:22', '2024-11-28 22:08:22');
INSERT INTO `album` VALUES (3, 1, '八度空间', 0, 0, 'https://sample2003.oss-cn-guangzhou.aliyuncs.com/music/image/3bdkj.jpg', '周杰伦发布的第三张专辑。', NULL, '2002-07-18', '2024-11-28 22:08:22', '2024-11-28 22:08:22');
INSERT INTO `album` VALUES (4, 1, '叶惠美', 0, 0, 'https://sample2003.oss-cn-guangzhou.aliyuncs.com/music/image/4yhm.jpg', '周杰伦发布的第四张专辑。', NULL, '2003-07-31', '2024-11-28 22:08:22', '2024-11-28 22:08:22');
INSERT INTO `album` VALUES (5, 1, '七里香', 0, 0, 'https://sample2003.oss-cn-guangzhou.aliyuncs.com/music/image/5qlx.jpg', '周杰伦发布的第五张专辑。', NULL, '2004-08-03', '2024-11-28 22:08:22', '2024-11-28 22:08:22');
INSERT INTO `album` VALUES (6, 1, '十一月的萧邦', 0, 0, 'https://sample2003.oss-cn-guangzhou.aliyuncs.com/music/image/6syydxb.jpg', '周杰伦发布的第六张专辑。', NULL, '2005-11-01', '2024-11-28 22:08:22', '2024-11-28 22:08:22');
INSERT INTO `album` VALUES (7, 1, '依然范特西', 0, 0, 'https://sample2003.oss-cn-guangzhou.aliyuncs.com/music/image/7yrftx.jpg', '周杰伦发布的第七张专辑。', NULL, '2006-09-05', '2024-11-28 22:08:22', '2024-11-28 22:08:22');
INSERT INTO `album` VALUES (8, 1, '我很忙', 0, 0, 'https://sample2003.oss-cn-guangzhou.aliyuncs.com/music/image/8whm.jpg', '周杰伦发布的第八张专辑。', NULL, '2007-11-01', '2024-11-28 22:08:22', '2024-11-28 22:08:22');
INSERT INTO `album` VALUES (9, 1, '魔杰座', 0, 0, 'https://sample2003.oss-cn-guangzhou.aliyuncs.com/music/image/9mjz.jpg', '周杰伦发布的第九张专辑。', NULL, '2008-10-09', '2024-11-28 22:08:22', '2024-11-28 22:08:22');
INSERT INTO `album` VALUES (10, 1, '跨时代', 0, 0, 'https://sample2003.oss-cn-guangzhou.aliyuncs.com/music/image/10ksd.jpg', '周杰伦发布的第十张专辑。', NULL, '2010-05-18', '2024-11-28 22:08:22', '2024-11-28 22:08:22');
INSERT INTO `album` VALUES (11, 1, '惊叹号', 0, 0, 'https://sample2003.oss-cn-guangzhou.aliyuncs.com/music/image/11jth.jpg', '周杰伦发布的第十一张专辑。', NULL, '2011-11-11', '2024-11-28 22:08:22', '2024-11-28 22:08:22');
INSERT INTO `album` VALUES (12, 1, '十二新作', 0, 0, 'https://sample2003.oss-cn-guangzhou.aliyuncs.com/music/image/12sexz.jpg', '周杰伦发布的第十二张专辑。', NULL, '2012-12-28', '2024-11-28 22:08:22', '2024-11-28 22:08:22');
INSERT INTO `album` VALUES (13, 1, '哎呦，不错哦', 0, 0, 'https://sample2003.oss-cn-guangzhou.aliyuncs.com/music/image/13aybco.jpg', '周杰伦发布的第十三张专辑。', NULL, '2014-12-28', '2024-11-28 22:08:22', '2024-11-28 22:08:22');
INSERT INTO `album` VALUES (14, 1, '周杰伦的床边故事', 0, 0, 'https://sample2003.oss-cn-guangzhou.aliyuncs.com/music/image/14zjldcbgs.jpg', '周杰伦发布的第十四张专辑。', NULL, '2016-06-24', '2024-11-28 22:08:22', '2024-11-28 22:08:22');
INSERT INTO `album` VALUES (15, 1, '最伟大的作品', 0, 0, 'https://sample2003.oss-cn-guangzhou.aliyuncs.com/music/image/15zwddzp.jpg', '周杰伦发布的第十五张专辑。', NULL, '2022-07-06', '2024-11-28 22:08:22', '2024-11-28 22:08:22');
INSERT INTO `album` VALUES (16, 2, '未知', 0, 0, NULL, NULL, NULL, '2024-12-19', '2024-12-19 10:07:05', '2024-12-19 10:07:05');

-- ----------------------------
-- Table structure for artist
-- ----------------------------
DROP TABLE IF EXISTS `artist`;
CREATE TABLE `artist`  (
  `id` bigint NOT NULL AUTO_INCREMENT COMMENT '艺术家id',
  `name` varchar(255) CHARACTER SET utf8mb4 COLLATE utf8mb4_0900_ai_ci NOT NULL COMMENT '艺术家名字',
  `sex` varchar(2) CHARACTER SET utf8mb3 COLLATE utf8mb3_bin NULL DEFAULT '未知' COMMENT '性别',
  `avatar` varchar(255) CHARACTER SET utf8mb4 COLLATE utf8mb4_0900_ai_ci NULL DEFAULT NULL COMMENT '艺术家照片',
  `follows` int NULL DEFAULT 0 COMMENT '关注数',
  `description` varchar(255) CHARACTER SET utf8mb4 COLLATE utf8mb4_0900_ai_ci NULL DEFAULT NULL COMMENT '艺术家介绍',
  `tags` varchar(255) CHARACTER SET utf8mb3 COLLATE utf8mb3_bin NULL DEFAULT NULL COMMENT '标签列表（json数组）',
  `birthday` datetime NULL DEFAULT NULL COMMENT '艺术家生日',
  `create_time` datetime NULL DEFAULT CURRENT_TIMESTAMP COMMENT '艺术家信息上传时间',
  `update_time` datetime NULL DEFAULT CURRENT_TIMESTAMP COMMENT '艺术家信息更新时间',
  PRIMARY KEY (`id`) USING BTREE,
  INDEX `idx_name`(`name` ASC) USING BTREE
) ENGINE = InnoDB AUTO_INCREMENT = 3 CHARACTER SET = utf8mb3 COLLATE = utf8mb3_bin COMMENT = '艺术家信息' ROW_FORMAT = DYNAMIC;

-- ----------------------------
-- Records of artist
-- ----------------------------
INSERT INTO `artist` VALUES (1, '周杰伦', '男', 'https://sample2003.oss-cn-guangzhou.aliyuncs.com/music/image/m.jpg', 0, '周杰伦（Jay Chou），1979年1月18日出生于台湾省新北市，祖籍福建省永春县，华语流行乐男歌手、音乐人、演员、导演、编剧，毕业于淡江中学。', NULL, '1979-01-18 00:00:00', '2024-11-28 21:43:51', '2024-11-28 21:43:51');
INSERT INTO `artist` VALUES (2, '未知', '未知', NULL, 0, '未知', NULL, '2024-12-19 10:06:24', '2024-12-19 10:06:32', '2024-12-19 10:06:32');

-- ----------------------------
-- Table structure for chat
-- ----------------------------
DROP TABLE IF EXISTS `chat`;
CREATE TABLE `chat`  (
  `id` bigint NOT NULL COMMENT 'id',
  `user_id` bigint NOT NULL COMMENT '用户id',
  `title` varchar(255) CHARACTER SET utf8mb4 COLLATE utf8mb4_0900_ai_ci NULL DEFAULT NULL COMMENT '标题',
  `content` text CHARACTER SET utf8mb4 COLLATE utf8mb4_0900_ai_ci NULL COMMENT '内容',
  `response` text CHARACTER SET utf8mb4 COLLATE utf8mb4_0900_ai_ci NULL,
  `create_time` datetime NULL DEFAULT NULL COMMENT '开始日期',
  `message_type` tinyint NULL DEFAULT NULL COMMENT '消息类型',
  `prompt` varchar(255) CHARACTER SET utf8mb4 COLLATE utf8mb4_0900_ai_ci NULL DEFAULT NULL COMMENT '提示词',
  `model_type` varchar(255) CHARACTER SET utf8mb4 COLLATE utf8mb4_0900_ai_ci NULL DEFAULT NULL COMMENT '模型',
  PRIMARY KEY (`id`) USING BTREE,
  INDEX `fk_chat_user`(`user_id` ASC) USING BTREE,
  CONSTRAINT `fk_chat_user` FOREIGN KEY (`user_id`) REFERENCES `user` (`id`) ON DELETE CASCADE ON UPDATE CASCADE
) ENGINE = InnoDB CHARACTER SET = utf8mb4 COLLATE = utf8mb4_0900_ai_ci ROW_FORMAT = Dynamic;

-- ----------------------------
-- Records of chat
-- ----------------------------
INSERT INTO `chat` VALUES (1, 5, '你是谁', '我是', NULL, '2025-04-14 14:14:58', 1, NULL, NULL);

-- ----------------------------
-- Table structure for comment
-- ----------------------------
DROP TABLE IF EXISTS `comment`;
CREATE TABLE `comment`  (
  `id` bigint NOT NULL AUTO_INCREMENT COMMENT '评论id',
  `user_id` bigint NULL DEFAULT NULL COMMENT '发布评论用户id',
  `content` varchar(1024) CHARACTER SET utf8mb4 COLLATE utf8mb4_0900_ai_ci NOT NULL COMMENT '内容',
  `likes` int NULL DEFAULT 0 COMMENT '点赞数',
  `target_type` enum('song','playlist','album','work','notice') CHARACTER SET utf8mb3 COLLATE utf8mb3_bin NOT NULL COMMENT '评论类型',
  `target_id` bigint NOT NULL COMMENT '评论位置',
  `create_time` timestamp NULL DEFAULT CURRENT_TIMESTAMP COMMENT '发布时间',
  `update_time` timestamp NULL DEFAULT CURRENT_TIMESTAMP COMMENT '更新时间',
  PRIMARY KEY (`id`) USING BTREE,
  INDEX `target_type`(`target_type` ASC) USING BTREE,
  INDEX `fk_comment_user`(`user_id` ASC) USING BTREE,
  CONSTRAINT `fk_comment_user` FOREIGN KEY (`user_id`) REFERENCES `user` (`id`) ON DELETE SET NULL ON UPDATE CASCADE
) ENGINE = InnoDB AUTO_INCREMENT = 55 CHARACTER SET = utf8mb3 COLLATE = utf8mb3_bin COMMENT = '评论信息' ROW_FORMAT = DYNAMIC;

-- ----------------------------
-- Records of comment
-- ----------------------------
INSERT INTO `comment` VALUES (1, 5, '每首歌都很好听', 2, 'album', 1, '2024-11-29 14:18:26', '2024-11-29 14:18:26');
INSERT INTO `comment` VALUES (49, 5, '好听', 0, 'song', 153, '2025-01-27 12:49:43', '2025-01-27 12:49:43');
INSERT INTO `comment` VALUES (50, 5, '好听', 0, 'song', 153, '2025-01-30 12:18:29', '2025-01-30 12:18:29');
INSERT INTO `comment` VALUES (51, 5, '挺好听', 0, 'album', 1, '2025-01-30 12:19:51', '2025-01-30 12:19:51');
INSERT INTO `comment` VALUES (52, 5, '豪庭', 1, 'album', 2, '2025-04-01 11:58:36', '2025-04-01 11:58:36');
INSERT INTO `comment` VALUES (53, 5, '我说好听，你尔多隆吗', 0, 'album', 2, '2025-04-10 16:37:22', '2025-04-10 16:37:22');
INSERT INTO `comment` VALUES (54, 5, '牛', 0, 'playlist', 44, '2025-04-17 17:40:35', '2025-04-17 17:40:35');

-- ----------------------------
-- Table structure for favorite
-- ----------------------------
DROP TABLE IF EXISTS `favorite`;
CREATE TABLE `favorite`  (
  `id` bigint NOT NULL AUTO_INCREMENT COMMENT '收藏id',
  `user_id` bigint NULL DEFAULT NULL COMMENT '用户id',
  `target_type` enum('song','playlist','album','work','notice','user','comment') CHARACTER SET utf8mb4 COLLATE utf8mb4_0900_ai_ci NOT NULL COMMENT '收藏类型',
  `target_id` bigint NOT NULL COMMENT '收藏目标id',
  `favorite_time` timestamp NULL DEFAULT CURRENT_TIMESTAMP COMMENT '收藏时间',
  PRIMARY KEY (`id`) USING BTREE,
  UNIQUE INDEX `unique_favorite`(`user_id` ASC, `target_type` ASC, `target_id` ASC) USING BTREE,
  INDEX `target_type`(`target_type` ASC) USING BTREE,
  CONSTRAINT `fk_favorite_user` FOREIGN KEY (`user_id`) REFERENCES `user` (`id`) ON DELETE SET NULL ON UPDATE CASCADE
) ENGINE = InnoDB AUTO_INCREMENT = 112 CHARACTER SET = utf8mb4 COLLATE = utf8mb4_0900_ai_ci ROW_FORMAT = DYNAMIC;

-- ----------------------------
-- Records of favorite
-- ----------------------------
INSERT INTO `favorite` VALUES (1, 5, 'song', 1, '2024-11-25 18:28:26');
INSERT INTO `favorite` VALUES (108, 5, 'playlist', 1, '2025-01-27 12:46:06');
INSERT INTO `favorite` VALUES (109, 5, 'comment', 1, '2025-04-01 11:58:23');
INSERT INTO `favorite` VALUES (110, 5, 'comment', 52, '2025-04-01 11:58:38');

-- ----------------------------
-- Table structure for listen
-- ----------------------------
DROP TABLE IF EXISTS `listen`;
CREATE TABLE `listen`  (
  `id` bigint NOT NULL COMMENT '收听id',
  `user_id` bigint NULL DEFAULT NULL COMMENT '收听用户id，可能为游客',
  `song_id` bigint NOT NULL COMMENT '收听歌曲id',
  `duration` varchar(255) CHARACTER SET utf8mb4 COLLATE utf8mb4_0900_ai_ci NOT NULL COMMENT '持续时间',
  `listen_time` datetime NOT NULL COMMENT '收听时间',
  PRIMARY KEY (`id`) USING BTREE,
  INDEX `fk_listen_user`(`user_id` ASC) USING BTREE,
  INDEX `fk_listen_song`(`song_id` ASC) USING BTREE,
  CONSTRAINT `fk_listen_song` FOREIGN KEY (`song_id`) REFERENCES `song` (`id`) ON DELETE CASCADE ON UPDATE CASCADE,
  CONSTRAINT `fk_listen_user` FOREIGN KEY (`user_id`) REFERENCES `user` (`id`) ON DELETE CASCADE ON UPDATE CASCADE
) ENGINE = InnoDB CHARACTER SET = utf8mb4 COLLATE = utf8mb4_0900_ai_ci ROW_FORMAT = Dynamic;

-- ----------------------------
-- Records of listen
-- ----------------------------

-- ----------------------------
-- Table structure for playlist
-- ----------------------------
DROP TABLE IF EXISTS `playlist`;
CREATE TABLE `playlist`  (
  `id` bigint NOT NULL AUTO_INCREMENT COMMENT '歌单id',
  `user_id` bigint NULL DEFAULT NULL COMMENT '用户id',
  `title` varchar(32) CHARACTER SET utf8mb4 COLLATE utf8mb4_0900_ai_ci NULL DEFAULT NULL COMMENT '歌单名',
  `likes` int NULL DEFAULT 0 COMMENT '点赞数',
  `listeners` int NULL DEFAULT 0 COMMENT '收听数',
  `cover` varchar(500) CHARACTER SET utf8mb4 COLLATE utf8mb4_0900_ai_ci NULL DEFAULT NULL COMMENT '歌单封面',
  `description` varchar(255) CHARACTER SET utf8mb4 COLLATE utf8mb4_0900_ai_ci NULL DEFAULT NULL COMMENT '歌单简介',
  `tags` varchar(255) CHARACTER SET utf8mb3 COLLATE utf8mb3_bin NULL DEFAULT NULL COMMENT '标签列表（json数组）',
  `create_time` datetime NULL DEFAULT CURRENT_TIMESTAMP COMMENT '歌单创建时间',
  `update_time` datetime NULL DEFAULT CURRENT_TIMESTAMP COMMENT '歌单更新时间',
  `is_public` int NULL DEFAULT 0 COMMENT '是否公开：0 私密，1 公开是否',
  `is_update` int NULL DEFAULT 0 COMMENT '是否修改：0 未修改，1 修改',
  PRIMARY KEY (`id`) USING BTREE,
  INDEX `fk_playlist_user`(`user_id` ASC) USING BTREE,
  CONSTRAINT `fk_playlist_user` FOREIGN KEY (`user_id`) REFERENCES `user` (`id`) ON DELETE CASCADE ON UPDATE RESTRICT
) ENGINE = InnoDB AUTO_INCREMENT = 45 CHARACTER SET = utf8mb3 COLLATE = utf8mb3_bin COMMENT = '歌单信息' ROW_FORMAT = DYNAMIC;

-- ----------------------------
-- Records of playlist
-- ----------------------------
INSERT INTO `playlist` VALUES (1, 5, '是的方法', 2, 0, 'https://sample2003.oss-cn-guangzhou.aliyuncs.com/music/image/1jay.jpg', '士大夫', '[\"流行\"]', '2024-12-16 16:21:12', '2025-01-30 12:20:35', 1, 0);
INSERT INTO `playlist` VALUES (40, 5, 'Hello', 0, 0, 'https://sample2003.oss-cn-guangzhou.aliyuncs.com/music/cover/73e87701-1912-4cde-9367-88b3c3aa15a3.png', '我说Hello，你尔多隆吗', NULL, '2024-12-16 16:45:39', '2025-04-10 16:26:15', 1, 0);
INSERT INTO `playlist` VALUES (41, 13, 'aaaa', 0, 0, 'https://sample2003.oss-cn-guangzhou.aliyuncs.com/music/image/1jay.jpg', 'aaaaaaaaa', NULL, '2024-12-26 14:03:04', '2025-04-17 15:42:52', 1, 0);
INSERT INTO `playlist` VALUES (42, 13, 'sdf', 0, 0, 'https://sample2003.oss-cn-guangzhou.aliyuncs.com/music/cover/2a42fe72-0ab3-4b5c-9f84-aac1f8006cbf.jpg', 'sdf', NULL, '2024-12-26 14:03:17', '2024-12-27 23:34:16', 1, 0);
INSERT INTO `playlist` VALUES (43, 5, '豪庭', 0, 0, 'https://sample2003.oss-cn-guangzhou.aliyuncs.com/music/cover/978b2ce7-7816-48f9-8eec-44c772b151f5.jpg', '丟，啊丟，啊丟手絹', NULL, '2025-01-27 12:47:11', '2025-04-11 17:51:02', 1, 0);
INSERT INTO `playlist` VALUES (44, 5, '给我一杯忘情水', 0, 0, 'https://sample2003.oss-cn-guangzhou.aliyuncs.com/music/image/1jay.jpg', '', '[\"流行\"]', '2025-01-27 12:47:22', '2025-04-18 13:59:55', 1, 0);

-- ----------------------------
-- Table structure for publicity
-- ----------------------------
DROP TABLE IF EXISTS `publicity`;
CREATE TABLE `publicity`  (
  `id` bigint NOT NULL AUTO_INCREMENT COMMENT '公告id',
  `user_id` bigint NULL DEFAULT NULL COMMENT '发布人id',
  `title` varchar(255) CHARACTER SET utf8mb4 COLLATE utf8mb4_0900_ai_ci NOT NULL COMMENT '公告标题',
  `message` varchar(255) CHARACTER SET utf8mb4 COLLATE utf8mb4_0900_ai_ci NULL DEFAULT NULL COMMENT '公告内容',
  `viewers` int NULL DEFAULT 0 COMMENT '观看人数',
  `cover` varchar(255) CHARACTER SET utf8mb4 COLLATE utf8mb4_0900_ai_ci NULL DEFAULT NULL COMMENT '公告封面',
  `publicity_type` enum('notice','infomercial') CHARACTER SET utf8mb3 COLLATE utf8mb3_bin NOT NULL COMMENT '公告类型',
  `create_time` datetime NULL DEFAULT CURRENT_TIMESTAMP COMMENT '公告创建时间',
  `update_time` datetime NULL DEFAULT CURRENT_TIMESTAMP COMMENT '公告更新时间',
  PRIMARY KEY (`id`) USING BTREE,
  INDEX `idx_title`(`title` ASC) USING BTREE,
  INDEX `user_id`(`user_id` ASC) USING BTREE,
  CONSTRAINT `public_ibfk_1` FOREIGN KEY (`user_id`) REFERENCES `user` (`id`) ON DELETE CASCADE ON UPDATE CASCADE
) ENGINE = InnoDB AUTO_INCREMENT = 4 CHARACTER SET = utf8mb3 COLLATE = utf8mb3_bin COMMENT = '公告' ROW_FORMAT = DYNAMIC;

-- ----------------------------
-- Records of publicity
-- ----------------------------
INSERT INTO `publicity` VALUES (1, 5, '欢迎你', NULL, 0, 'https://sample2003.oss-cn-guangzhou.aliyuncs.com/music/image/zjlh1.jpg', 'notice', '2025-04-10 16:07:20', '2025-04-10 16:07:20');
INSERT INTO `publicity` VALUES (2, 5, 'welcome', NULL, 0, 'https://sample2003.oss-cn-guangzhou.aliyuncs.com/music/image/c.jpg', 'infomercial', '2025-04-10 16:08:47', '2025-04-10 16:08:47');
INSERT INTO `publicity` VALUES (3, 5, '祝你有个好体验', NULL, 0, 'https://sample2003.oss-cn-guangzhou.aliyuncs.com/music/image/R-C.jpg', 'notice', '2025-04-10 16:18:22', '2025-04-10 16:18:22');

-- ----------------------------
-- Table structure for relate
-- ----------------------------
DROP TABLE IF EXISTS `relate`;
CREATE TABLE `relate`  (
  `playlist_id` bigint NOT NULL COMMENT '歌单id',
  `song_id` bigint NOT NULL COMMENT '歌曲id',
  `relate_time` datetime NULL DEFAULT CURRENT_TIMESTAMP COMMENT '歌曲添加到歌单时间',
  PRIMARY KEY (`song_id`, `playlist_id`) USING BTREE,
  INDEX `playlist_id`(`playlist_id` ASC) USING BTREE,
  CONSTRAINT `relate_ibfk_1` FOREIGN KEY (`song_id`) REFERENCES `song` (`id`) ON DELETE CASCADE ON UPDATE CASCADE,
  CONSTRAINT `relate_ibfk_2` FOREIGN KEY (`playlist_id`) REFERENCES `playlist` (`id`) ON DELETE CASCADE ON UPDATE CASCADE
) ENGINE = InnoDB CHARACTER SET = utf8mb3 COLLATE = utf8mb3_bin COMMENT = '关联歌曲和歌单' ROW_FORMAT = DYNAMIC;

-- ----------------------------
-- Records of relate
-- ----------------------------
INSERT INTO `relate` VALUES (41, 1, NULL);
INSERT INTO `relate` VALUES (44, 1, '2025-04-08 15:15:51');
INSERT INTO `relate` VALUES (41, 2, NULL);
INSERT INTO `relate` VALUES (44, 2, '2025-04-08 15:15:51');
INSERT INTO `relate` VALUES (41, 3, NULL);
INSERT INTO `relate` VALUES (44, 3, '2025-04-08 15:15:51');
INSERT INTO `relate` VALUES (41, 4, NULL);
INSERT INTO `relate` VALUES (44, 4, '2025-04-08 15:15:51');
INSERT INTO `relate` VALUES (41, 5, NULL);
INSERT INTO `relate` VALUES (44, 5, '2025-04-08 15:15:51');
INSERT INTO `relate` VALUES (41, 6, NULL);
INSERT INTO `relate` VALUES (44, 6, '2025-04-08 15:15:51');
INSERT INTO `relate` VALUES (41, 7, NULL);
INSERT INTO `relate` VALUES (44, 7, '2025-04-08 15:15:51');
INSERT INTO `relate` VALUES (41, 8, NULL);
INSERT INTO `relate` VALUES (44, 8, '2025-04-08 15:15:51');
INSERT INTO `relate` VALUES (41, 9, NULL);
INSERT INTO `relate` VALUES (44, 9, '2025-04-08 15:15:51');
INSERT INTO `relate` VALUES (41, 10, NULL);
INSERT INTO `relate` VALUES (44, 10, '2025-04-08 15:15:51');
INSERT INTO `relate` VALUES (44, 113, '2025-01-30 12:20:11');

-- ----------------------------
-- Table structure for role
-- ----------------------------
DROP TABLE IF EXISTS `role`;
CREATE TABLE `role`  (
  `id` int NOT NULL COMMENT '主键',
  `role_name` varchar(32) CHARACTER SET utf8mb3 COLLATE utf8mb3_bin NULL DEFAULT NULL COMMENT '身份',
  PRIMARY KEY (`id`) USING BTREE
) ENGINE = InnoDB CHARACTER SET = utf8mb3 COLLATE = utf8mb3_bin COMMENT = '角色表' ROW_FORMAT = DYNAMIC;

-- ----------------------------
-- Records of role
-- ----------------------------
INSERT INTO `role` VALUES (1, 'admin');
INSERT INTO `role` VALUES (2, 'user');

-- ----------------------------
-- Table structure for song
-- ----------------------------
DROP TABLE IF EXISTS `song`;
CREATE TABLE `song`  (
  `id` bigint NOT NULL AUTO_INCREMENT COMMENT '歌曲id',
  `artist_id` bigint NULL DEFAULT NULL COMMENT '歌手id',
  `album_id` bigint NULL DEFAULT NULL COMMENT '专辑id',
  `title` varchar(255) CHARACTER SET utf8mb3 COLLATE utf8mb3_bin NOT NULL COMMENT '歌曲名',
  `artists` varchar(255) CHARACTER SET utf8mb3 COLLATE utf8mb3_bin NULL DEFAULT NULL COMMENT '其他歌手（json 数组）',
  `duration` int NULL DEFAULT 0 COMMENT '歌曲时长（秒）',
  `mp3_url` varchar(1024) CHARACTER SET utf8mb4 COLLATE utf8mb4_0900_ai_ci NULL DEFAULT NULL COMMENT '歌曲地址',
  `flac_url` varchar(1024) CHARACTER SET utf8mb4 COLLATE utf8mb4_0900_ai_ci NULL DEFAULT NULL COMMENT '无损歌曲地址',
  `cover` varchar(1024) CHARACTER SET utf8mb4 COLLATE utf8mb4_0900_ai_ci NULL DEFAULT NULL COMMENT '歌曲封面',
  `lyric` varchar(1024) CHARACTER SET utf8mb4 COLLATE utf8mb4_0900_ai_ci NULL DEFAULT NULL COMMENT '歌词',
  `style` varchar(20) CHARACTER SET utf8mb4 COLLATE utf8mb4_0900_ai_ci NULL DEFAULT NULL COMMENT '歌曲风格',
  `tags` varchar(255) CHARACTER SET utf8mb3 COLLATE utf8mb3_bin NULL DEFAULT NULL COMMENT '标签列表（json 数组）',
  `listeners` int NULL DEFAULT 0 COMMENT '收听数',
  `permission` int NULL DEFAULT 0 COMMENT '权限：0 用户；1 管理员；',
  `release_date` datetime NULL DEFAULT NULL COMMENT '歌曲发行时间',
  `create_time` datetime NULL DEFAULT CURRENT_TIMESTAMP COMMENT '歌曲信息上传时间',
  `update_time` datetime NULL DEFAULT CURRENT_TIMESTAMP COMMENT '歌曲信息更新时间',
  PRIMARY KEY (`id`) USING BTREE,
  INDEX `idx_title`(`title` ASC) USING BTREE,
  INDEX `fk_song_artist`(`artist_id` ASC) USING BTREE,
  INDEX `fk_song_album`(`album_id` ASC) USING BTREE,
  CONSTRAINT `fk_song_album` FOREIGN KEY (`album_id`) REFERENCES `album` (`id`) ON DELETE SET NULL ON UPDATE RESTRICT,
  CONSTRAINT `fk_song_artist` FOREIGN KEY (`artist_id`) REFERENCES `artist` (`id`) ON DELETE SET NULL ON UPDATE RESTRICT
) ENGINE = InnoDB AUTO_INCREMENT = 201 CHARACTER SET = utf8mb3 COLLATE = utf8mb3_bin COMMENT = '歌曲信息' ROW_FORMAT = DYNAMIC;

-- ----------------------------
-- Records of song
-- ----------------------------
INSERT INTO `song` VALUES (1, 1, 1, '可爱女人', NULL, 280, 'https://sample2003.oss-cn-guangzhou.aliyuncs.com/music/song/%E5%8F%AF%E7%88%B1%E5%A5%B3%E4%BA%BA-%E5%91%A8%E6%9D%B0%E4%BC%A6.mp3', 'https://sample2003.oss-cn-guangzhou.aliyuncs.com/music/song/%E5%8F%AF%E7%88%B1%E5%A5%B3%E4%BA%BA-%E5%91%A8%E6%9D%B0%E4%BC%A6.flac', 'https://sample2003.oss-cn-guangzhou.aliyuncs.com/music/image/1jay.jpg', 'https://sample2003.oss-cn-guangzhou.aliyuncs.com/music/lyric/%E5%8F%AF%E7%88%B1%E5%A5%B3%E4%BA%BA-%E5%91%A8%E6%9D%B0%E4%BC%A6.txt', '流行', '[\"流行\"]', 0, 0, '2000-11-07 00:00:00', '2024-11-30 12:05:01', '2024-11-30 12:05:01');
INSERT INTO `song` VALUES (2, 1, 1, '完美主义', NULL, 280, 'https://sample2003.oss-cn-guangzhou.aliyuncs.com/music/song/%E5%AE%8C%E7%BE%8E%E4%B8%BB%E4%B9%89-%E5%91%A8%E6%9D%B0%E4%BC%A6.mp3', 'https://sample2003.oss-cn-guangzhou.aliyuncs.com/music/song/%E5%AE%8C%E7%BE%8E%E4%B8%BB%E4%B9%89-%E5%91%A8%E6%9D%B0%E4%BC%A6.flac', 'https://sample2003.oss-cn-guangzhou.aliyuncs.com/music/image/1jay.jpg', 'https://sample2003.oss-cn-guangzhou.aliyuncs.com/music/lyric/%E5%AE%8C%E7%BE%8E%E4%B8%BB%E4%B9%89-%E5%91%A8%E6%9D%B0%E4%BC%A6.txt', '流行', '[\"流行\"]', 0, 0, '2000-11-07 00:00:00', '2024-11-30 12:05:01', '2024-11-30 12:05:01');
INSERT INTO `song` VALUES (3, 1, 1, '星晴', NULL, 280, 'https://sample2003.oss-cn-guangzhou.aliyuncs.com/music/song/%E6%98%9F%E6%99%B4-%E5%91%A8%E6%9D%B0%E4%BC%A6.mp3', 'https://sample2003.oss-cn-guangzhou.aliyuncs.com/music/song/%E6%98%9F%E6%99%B4-%E5%91%A8%E6%9D%B0%E4%BC%A6.flac', 'https://sample2003.oss-cn-guangzhou.aliyuncs.com/music/image/1jay.jpg', 'https://sample2003.oss-cn-guangzhou.aliyuncs.com/music/lyric/%E6%98%9F%E6%99%B4-%E5%91%A8%E6%9D%B0%E4%BC%A6.txt', '流行', '[\"流行\"]', 0, 0, '2000-11-07 00:00:00', '2024-11-30 12:05:01', '2024-11-30 12:05:01');
INSERT INTO `song` VALUES (4, 1, 1, '娘子', NULL, 280, 'https://sample2003.oss-cn-guangzhou.aliyuncs.com/music/song/%E5%A8%98%E5%AD%90-%E5%91%A8%E6%9D%B0%E4%BC%A6.mp3', 'https://sample2003.oss-cn-guangzhou.aliyuncs.com/music/song/%E5%A8%98%E5%AD%90-%E5%91%A8%E6%9D%B0%E4%BC%A6.flac', 'https://sample2003.oss-cn-guangzhou.aliyuncs.com/music/image/1jay.jpg', 'https://sample2003.oss-cn-guangzhou.aliyuncs.com/music/lyric/%E5%A8%98%E5%AD%90-%E5%91%A8%E6%9D%B0%E4%BC%A6.txt', '流行', '[\"流行\"]', 0, 0, '2000-11-07 00:00:00', '2024-11-30 12:05:01', '2024-11-30 12:05:01');
INSERT INTO `song` VALUES (5, 1, 1, '斗牛', NULL, 280, 'https://sample2003.oss-cn-guangzhou.aliyuncs.com/music/song/%E6%96%97%E7%89%9B-%E5%91%A8%E6%9D%B0%E4%BC%A6.mp3', 'https://sample2003.oss-cn-guangzhou.aliyuncs.com/music/song/%E6%96%97%E7%89%9B-%E5%91%A8%E6%9D%B0%E4%BC%A6.flac', 'https://sample2003.oss-cn-guangzhou.aliyuncs.com/music/image/1jay.jpg', 'https://sample2003.oss-cn-guangzhou.aliyuncs.com/music/lyric/%E6%96%97%E7%89%9B-%E5%91%A8%E6%9D%B0%E4%BC%A6.txt', '流行', '[\"流行\"]', 0, 0, '2000-11-07 00:00:00', '2024-11-30 12:05:01', '2024-11-30 12:05:01');
INSERT INTO `song` VALUES (6, 1, 1, '黑色幽默', NULL, 280, 'https://sample2003.oss-cn-guangzhou.aliyuncs.com/music/song/%E9%BB%91%E8%89%B2%E5%B9%BD%E9%BB%98-%E5%91%A8%E6%9D%B0%E4%BC%A6.mp3', 'https://sample2003.oss-cn-guangzhou.aliyuncs.com/music/song/%E9%BB%91%E8%89%B2%E5%B9%BD%E9%BB%98-%E5%91%A8%E6%9D%B0%E4%BC%A6.flac', 'https://sample2003.oss-cn-guangzhou.aliyuncs.com/music/image/1jay.jpg', 'https://sample2003.oss-cn-guangzhou.aliyuncs.com/music/lyric/%E9%BB%91%E8%89%B2%E5%B9%BD%E9%BB%98-%E5%91%A8%E6%9D%B0%E4%BC%A6.txt', '流行', '[\"流行\"]', 34, 0, '2000-11-07 00:00:00', '2024-11-30 12:05:01', '2024-11-30 12:05:01');
INSERT INTO `song` VALUES (7, 1, 1, '伊斯坦堡', NULL, 280, 'https://sample2003.oss-cn-guangzhou.aliyuncs.com/music/song/%E4%BC%8A%E6%96%AF%E5%9D%A6%E5%A0%A1-%E5%91%A8%E6%9D%B0%E4%BC%A6.mp3', 'https://sample2003.oss-cn-guangzhou.aliyuncs.com/music/song/%E4%BC%8A%E6%96%AF%E5%9D%A6%E5%A0%A1-%E5%91%A8%E6%9D%B0%E4%BC%A6.flac', 'https://sample2003.oss-cn-guangzhou.aliyuncs.com/music/image/1jay.jpg', 'https://sample2003.oss-cn-guangzhou.aliyuncs.com/music/lyric/%E4%BC%8A%E6%96%AF%E5%9D%A6%E5%A0%A1-%E5%91%A8%E6%9D%B0%E4%BC%A6.txt', '流行', '[\"流行\"]', 0, 0, '2000-11-07 00:00:00', '2024-11-30 12:05:01', '2024-11-30 12:05:01');
INSERT INTO `song` VALUES (8, 1, 1, '印第安老斑鸠', NULL, 280, 'https://sample2003.oss-cn-guangzhou.aliyuncs.com/music/song/%E5%8D%B0%E7%AC%AC%E5%AE%89%E8%80%81%E6%96%91%E9%B8%A0-%E5%91%A8%E6%9D%B0%E4%BC%A6.mp3', 'https://sample2003.oss-cn-guangzhou.aliyuncs.com/music/song/%E5%8D%B0%E7%AC%AC%E5%AE%89%E8%80%81%E6%96%91%E9%B8%A0-%E5%91%A8%E6%9D%B0%E4%BC%A6.flac', 'https://sample2003.oss-cn-guangzhou.aliyuncs.com/music/image/1jay.jpg', 'https://sample2003.oss-cn-guangzhou.aliyuncs.com/music/lyric/%E5%8D%B0%E7%AC%AC%E5%AE%89%E8%80%81%E6%96%91%E9%B8%A0-%E5%91%A8%E6%9D%B0%E4%BC%A6.txt', '流行', '[\"流行\"]', 0, 0, '2000-11-07 00:00:00', '2024-11-30 12:05:01', '2024-11-30 12:05:01');
INSERT INTO `song` VALUES (9, 1, 1, '龙卷风', NULL, 280, 'https://sample2003.oss-cn-guangzhou.aliyuncs.com/music/song/%E9%BE%99%E5%8D%B7%E9%A3%8E-%E5%91%A8%E6%9D%B0%E4%BC%A6.mp3', 'https://sample2003.oss-cn-guangzhou.aliyuncs.com/music/song/%E9%BE%99%E5%8D%B7%E9%A3%8E-%E5%91%A8%E6%9D%B0%E4%BC%A6.flac', 'https://sample2003.oss-cn-guangzhou.aliyuncs.com/music/image/1jay.jpg', 'https://sample2003.oss-cn-guangzhou.aliyuncs.com/music/lyric/%E9%BE%99%E5%8D%B7%E9%A3%8E-%E5%91%A8%E6%9D%B0%E4%BC%A6.txt', '流行', '[\"流行\"]', 0, 0, '2000-11-07 00:00:00', '2024-11-30 12:05:01', '2024-11-30 12:05:01');
INSERT INTO `song` VALUES (10, 1, 1, '反方向的钟', NULL, 280, 'https://sample2003.oss-cn-guangzhou.aliyuncs.com/music/song/%E5%8F%8D%E6%96%B9%E5%90%91%E7%9A%84%E9%92%9F-%E5%91%A8%E6%9D%B0%E4%BC%A6.mp3', 'https://sample2003.oss-cn-guangzhou.aliyuncs.com/music/song/%E5%8F%8D%E6%96%B9%E5%90%91%E7%9A%84%E9%92%9F-%E5%91%A8%E6%9D%B0%E4%BC%A6.flac', 'https://sample2003.oss-cn-guangzhou.aliyuncs.com/music/image/1jay.jpg', 'https://sample2003.oss-cn-guangzhou.aliyuncs.com/music/lyric/%E5%8F%8D%E6%96%B9%E5%90%91%E7%9A%84%E9%92%9F-%E5%91%A8%E6%9D%B0%E4%BC%A6.txt', '流行', '[\"流行\"]', 60, 0, '2000-11-07 00:00:00', '2024-11-30 12:05:01', '2024-11-30 12:05:01');
INSERT INTO `song` VALUES (11, 1, 2, '爱在西元前', NULL, 280, 'https://sample2003.oss-cn-guangzhou.aliyuncs.com/music/song/%E7%88%B1%E5%9C%A8%E8%A5%BF%E5%85%83%E5%89%8D-%E5%91%A8%E6%9D%B0%E4%BC%A6.mp3', 'https://sample2003.oss-cn-guangzhou.aliyuncs.com/music/song/%E7%88%B1%E5%9C%A8%E8%A5%BF%E5%85%83%E5%89%8D-%E5%91%A8%E6%9D%B0%E4%BC%A6.flac', 'https://sample2003.oss-cn-guangzhou.aliyuncs.com/music/image/2ftx.jpg', 'https://sample2003.oss-cn-guangzhou.aliyuncs.com/music/lyric/%E7%88%B1%E5%9C%A8%E8%A5%BF%E5%85%83%E5%89%8D-%E5%91%A8%E6%9D%B0%E4%BC%A6.txt', '流行', '[\"流行\"]', 0, 0, '2001-09-20 00:00:00', '2024-11-30 12:05:01', '2024-11-30 12:05:01');
INSERT INTO `song` VALUES (12, 1, 2, '爸我回来了', NULL, 280, 'https://sample2003.oss-cn-guangzhou.aliyuncs.com/music/song/%E7%88%B8%EF%BC%8C%E6%88%91%E5%9B%9E%E6%9D%A5%E4%BA%86-%E5%91%A8%E6%9D%B0%E4%BC%A6.mp3', 'https://sample2003.oss-cn-guangzhou.aliyuncs.com/music/song/%E7%88%B8%EF%BC%8C%E6%88%91%E5%9B%9E%E6%9D%A5%E4%BA%86-%E5%91%A8%E6%9D%B0%E4%BC%A6.flac', 'https://sample2003.oss-cn-guangzhou.aliyuncs.com/music/image/2ftx.jpg', 'https://sample2003.oss-cn-guangzhou.aliyuncs.com/music/lyric/%E7%88%B8%EF%BC%8C%E6%88%91%E5%9B%9E%E6%9D%A5%E4%BA%86-%E5%91%A8%E6%9D%B0%E4%BC%A6.txt', '流行', '[\"流行\"]', 0, 0, '2001-09-20 00:00:00', '2024-11-30 12:05:01', '2024-11-30 12:05:01');
INSERT INTO `song` VALUES (13, 1, 2, '简单爱', NULL, 280, 'https://sample2003.oss-cn-guangzhou.aliyuncs.com/music/song/%E7%AE%80%E5%8D%95%E7%88%B1-%E5%91%A8%E6%9D%B0%E4%BC%A6.mp3', 'https://sample2003.oss-cn-guangzhou.aliyuncs.com/music/song/%E7%AE%80%E5%8D%95%E7%88%B1-%E5%91%A8%E6%9D%B0%E4%BC%A6.flac', 'https://sample2003.oss-cn-guangzhou.aliyuncs.com/music/image/2ftx.jpg', 'https://sample2003.oss-cn-guangzhou.aliyuncs.com/music/lyric/%E7%AE%80%E5%8D%95%E7%88%B1-%E5%91%A8%E6%9D%B0%E4%BC%A6.txt', '流行', '[\"流行\"]', 0, 0, '2001-09-20 00:00:00', '2024-11-30 12:05:01', '2024-11-30 12:05:01');
INSERT INTO `song` VALUES (14, 1, 2, '忍者', NULL, 280, 'https://sample2003.oss-cn-guangzhou.aliyuncs.com/music/song/%E5%BF%8D%E8%80%85-%E5%91%A8%E6%9D%B0%E4%BC%A6.mp3', 'https://sample2003.oss-cn-guangzhou.aliyuncs.com/music/song/%E5%BF%8D%E8%80%85-%E5%91%A8%E6%9D%B0%E4%BC%A6.flac', 'https://sample2003.oss-cn-guangzhou.aliyuncs.com/music/image/2ftx.jpg', 'https://sample2003.oss-cn-guangzhou.aliyuncs.com/music/lyric/%E5%BF%8D%E8%80%85-%E5%91%A8%E6%9D%B0%E4%BC%A6.txt', '流行', '[\"流行\"]', 0, 0, '2001-09-20 00:00:00', '2024-11-30 12:05:01', '2024-11-30 12:05:01');
INSERT INTO `song` VALUES (15, 1, 2, '开不了口', NULL, 280, 'https://sample2003.oss-cn-guangzhou.aliyuncs.com/music/song/%E5%BC%80%E4%B8%8D%E4%BA%86%E5%8F%A3-%E5%91%A8%E6%9D%B0%E4%BC%A6.mp3', 'https://sample2003.oss-cn-guangzhou.aliyuncs.com/music/song/%E5%BC%80%E4%B8%8D%E4%BA%86%E5%8F%A3-%E5%91%A8%E6%9D%B0%E4%BC%A6.flac', 'https://sample2003.oss-cn-guangzhou.aliyuncs.com/music/image/2ftx.jpg', 'https://sample2003.oss-cn-guangzhou.aliyuncs.com/music/lyric/%E5%BC%80%E4%B8%8D%E4%BA%86%E5%8F%A3-%E5%91%A8%E6%9D%B0%E4%BC%A6.txt', '流行', '[\"流行\"]', 0, 0, '2001-09-20 00:00:00', '2024-11-30 12:05:01', '2024-11-30 12:05:01');
INSERT INTO `song` VALUES (16, 1, 2, '上海一九四三', NULL, 280, 'https://sample2003.oss-cn-guangzhou.aliyuncs.com/music/song/%E4%B8%8A%E6%B5%B7%E4%B8%80%E4%B9%9D%E5%9B%9B%E4%B8%89-%E5%91%A8%E6%9D%B0%E4%BC%A6.mp3', 'https://sample2003.oss-cn-guangzhou.aliyuncs.com/music/song/%E4%B8%8A%E6%B5%B7%E4%B8%80%E4%B9%9D%E5%9B%9B%E4%B8%89-%E5%91%A8%E6%9D%B0%E4%BC%A6.flac', 'https://sample2003.oss-cn-guangzhou.aliyuncs.com/music/image/2ftx.jpg', 'https://sample2003.oss-cn-guangzhou.aliyuncs.com/music/lyric/%E4%B8%8A%E6%B5%B7%E4%B8%80%E4%B9%9D%E5%9B%9B%E4%B8%89-%E5%91%A8%E6%9D%B0%E4%BC%A6.txt', '流行', '[\"流行\"]', 0, 0, '2001-09-20 00:00:00', '2024-11-30 12:05:01', '2024-11-30 12:05:01');
INSERT INTO `song` VALUES (17, 1, 2, '对不起', NULL, 280, 'https://sample2003.oss-cn-guangzhou.aliyuncs.com/music/song/%E5%AF%B9%E4%B8%8D%E8%B5%B7-%E5%91%A8%E6%9D%B0%E4%BC%A6.mp3', 'https://sample2003.oss-cn-guangzhou.aliyuncs.com/music/song/%E5%AF%B9%E4%B8%8D%E8%B5%B7-%E5%91%A8%E6%9D%B0%E4%BC%A6.flac', 'https://sample2003.oss-cn-guangzhou.aliyuncs.com/music/image/2ftx.jpg', 'https://sample2003.oss-cn-guangzhou.aliyuncs.com/music/lyric/%E5%AF%B9%E4%B8%8D%E8%B5%B7-%E5%91%A8%E6%9D%B0%E4%BC%A6.txt', '流行', '[\"流行\"]', 0, 0, '2001-09-20 00:00:00', '2024-11-30 12:05:01', '2024-11-30 12:05:01');
INSERT INTO `song` VALUES (18, 1, 2, '威廉古堡', NULL, 280, 'https://sample2003.oss-cn-guangzhou.aliyuncs.com/music/song/%E5%A8%81%E5%BB%89%E5%8F%A4%E5%A0%A1-%E5%91%A8%E6%9D%B0%E4%BC%A6.mp3', 'https://sample2003.oss-cn-guangzhou.aliyuncs.com/music/song/%E5%A8%81%E5%BB%89%E5%8F%A4%E5%A0%A1-%E5%91%A8%E6%9D%B0%E4%BC%A6.flac', 'https://sample2003.oss-cn-guangzhou.aliyuncs.com/music/image/2ftx.jpg', 'https://sample2003.oss-cn-guangzhou.aliyuncs.com/music/lyric/%E5%A8%81%E5%BB%89%E5%8F%A4%E5%A0%A1-%E5%91%A8%E6%9D%B0%E4%BC%A6.txt', '流行', '[\"流行\"]', 0, 0, '2001-09-20 00:00:00', '2024-11-30 12:05:01', '2024-11-30 12:05:01');
INSERT INTO `song` VALUES (19, 1, 2, '双截棍', NULL, 280, 'https://sample2003.oss-cn-guangzhou.aliyuncs.com/music/song/%E5%8F%8C%E6%88%AA%E6%A3%8D-%E5%91%A8%E6%9D%B0%E4%BC%A6.mp3', 'https://sample2003.oss-cn-guangzhou.aliyuncs.com/music/song/%E5%8F%8C%E6%88%AA%E6%A3%8D-%E5%91%A8%E6%9D%B0%E4%BC%A6.flac', 'https://sample2003.oss-cn-guangzhou.aliyuncs.com/music/image/2ftx.jpg', 'https://sample2003.oss-cn-guangzhou.aliyuncs.com/music/lyric/%E5%8F%8C%E6%88%AA%E6%A3%8D-%E5%91%A8%E6%9D%B0%E4%BC%A6.txt', '流行', '[\"流行\"]', 0, 0, '2001-09-20 00:00:00', '2024-11-30 12:05:01', '2024-11-30 12:05:01');
INSERT INTO `song` VALUES (20, 1, 2, '安静', NULL, 280, 'https://sample2003.oss-cn-guangzhou.aliyuncs.com/music/song/%E5%AE%89%E9%9D%99-%E5%91%A8%E6%9D%B0%E4%BC%A6.mp3', 'https://sample2003.oss-cn-guangzhou.aliyuncs.com/music/song/%E5%AE%89%E9%9D%99-%E5%91%A8%E6%9D%B0%E4%BC%A6.flac', 'https://sample2003.oss-cn-guangzhou.aliyuncs.com/music/image/2ftx.jpg', 'https://sample2003.oss-cn-guangzhou.aliyuncs.com/music/lyric/%E5%AE%89%E9%9D%99-%E5%91%A8%E6%9D%B0%E4%BC%A6.txt', '流行', '[\"流行\"]', 0, 0, '2001-09-20 00:00:00', '2024-11-30 12:05:01', '2024-11-30 12:05:01');
INSERT INTO `song` VALUES (21, 1, 3, '半兽人', NULL, 280, 'https://sample2003.oss-cn-guangzhou.aliyuncs.com/music/song/%E5%8D%8A%E5%85%BD%E4%BA%BA-%E5%91%A8%E6%9D%B0%E4%BC%A6.mp3', 'https://sample2003.oss-cn-guangzhou.aliyuncs.com/music/song/%E5%8D%8A%E5%85%BD%E4%BA%BA-%E5%91%A8%E6%9D%B0%E4%BC%A6.flac', 'https://sample2003.oss-cn-guangzhou.aliyuncs.com/music/image/3bdkj.jpg', 'https://sample2003.oss-cn-guangzhou.aliyuncs.com/music/lyric/%E5%8D%8A%E5%85%BD%E4%BA%BA-%E5%91%A8%E6%9D%B0%E4%BC%A6.txt', '流行', '[\"流行\"]', 0, 0, '2002-07-18 00:00:00', '2024-11-30 12:05:01', '2024-11-30 12:05:01');
INSERT INTO `song` VALUES (22, 1, 3, '半岛铁盒', NULL, 280, 'https://sample2003.oss-cn-guangzhou.aliyuncs.com/music/song/%E5%8D%8A%E5%B2%9B%E9%93%81%E7%9B%92-%E5%91%A8%E6%9D%B0%E4%BC%A6.mp3', 'https://sample2003.oss-cn-guangzhou.aliyuncs.com/music/song/%E5%8D%8A%E5%B2%9B%E9%93%81%E7%9B%92-%E5%91%A8%E6%9D%B0%E4%BC%A6.flac', 'https://sample2003.oss-cn-guangzhou.aliyuncs.com/music/image/3bdkj.jpg', 'https://sample2003.oss-cn-guangzhou.aliyuncs.com/music/lyric/%E5%8D%8A%E5%B2%9B%E9%93%81%E7%9B%92-%E5%91%A8%E6%9D%B0%E4%BC%A6.txt', '流行', '[\"流行\"]', 0, 0, '2002-07-18 00:00:00', '2024-11-30 12:05:01', '2024-11-30 12:05:01');
INSERT INTO `song` VALUES (23, 1, 3, '暗号', NULL, 280, 'https://sample2003.oss-cn-guangzhou.aliyuncs.com/music/song/%E6%9A%97%E5%8F%B7-%E5%91%A8%E6%9D%B0%E4%BC%A6.mp3', 'https://sample2003.oss-cn-guangzhou.aliyuncs.com/music/song/%E6%9A%97%E5%8F%B7-%E5%91%A8%E6%9D%B0%E4%BC%A6.flac', 'https://sample2003.oss-cn-guangzhou.aliyuncs.com/music/image/3bdkj.jpg', 'https://sample2003.oss-cn-guangzhou.aliyuncs.com/music/lyric/%E6%9A%97%E5%8F%B7-%E5%91%A8%E6%9D%B0%E4%BC%A6.txt', '流行', '[\"流行\"]', 0, 0, '2002-07-18 00:00:00', '2024-11-30 12:05:01', '2024-11-30 12:05:01');
INSERT INTO `song` VALUES (24, 1, 3, '龙拳', NULL, 280, 'https://sample2003.oss-cn-guangzhou.aliyuncs.com/music/song/%E9%BE%99%E6%8B%B3-%E5%91%A8%E6%9D%B0%E4%BC%A6.mp3', 'https://sample2003.oss-cn-guangzhou.aliyuncs.com/music/song/%E9%BE%99%E6%8B%B3-%E5%91%A8%E6%9D%B0%E4%BC%A6.flac', 'https://sample2003.oss-cn-guangzhou.aliyuncs.com/music/image/3bdkj.jpg', 'https://sample2003.oss-cn-guangzhou.aliyuncs.com/music/lyric/%E9%BE%99%E6%8B%B3-%E5%91%A8%E6%9D%B0%E4%BC%A6.txt', '流行', '[\"流行\"]', 0, 0, '2002-07-18 00:00:00', '2024-11-30 12:05:01', '2024-11-30 12:05:01');
INSERT INTO `song` VALUES (25, 1, 3, '火车叨位去', NULL, 280, 'https://sample2003.oss-cn-guangzhou.aliyuncs.com/music/song/%E7%81%AB%E8%BD%A6%E5%8F%A8%E4%BD%8D%E5%8E%BB-%E5%91%A8%E6%9D%B0%E4%BC%A6.mp3', 'https://sample2003.oss-cn-guangzhou.aliyuncs.com/music/song/%E7%81%AB%E8%BD%A6%E5%8F%A8%E4%BD%8D%E5%8E%BB-%E5%91%A8%E6%9D%B0%E4%BC%A6.flac', 'https://sample2003.oss-cn-guangzhou.aliyuncs.com/music/image/3bdkj.jpg', 'https://sample2003.oss-cn-guangzhou.aliyuncs.com/music/lyric/%E7%81%AB%E8%BD%A6%E5%8F%A8%E4%BD%8D%E5%8E%BB-%E5%91%A8%E6%9D%B0%E4%BC%A6.txt', '流行', '[\"流行\"]', 0, 0, '2002-07-18 00:00:00', '2024-11-30 12:05:01', '2024-11-30 12:05:01');
INSERT INTO `song` VALUES (26, 1, 3, '分裂', NULL, 280, 'https://sample2003.oss-cn-guangzhou.aliyuncs.com/music/song/%E5%88%86%E8%A3%82-%E5%91%A8%E6%9D%B0%E4%BC%A6.mp3', 'https://sample2003.oss-cn-guangzhou.aliyuncs.com/music/song/%E5%88%86%E8%A3%82-%E5%91%A8%E6%9D%B0%E4%BC%A6.flac', 'https://sample2003.oss-cn-guangzhou.aliyuncs.com/music/image/3bdkj.jpg', 'https://sample2003.oss-cn-guangzhou.aliyuncs.com/music/lyric/%E5%88%86%E8%A3%82-%E5%91%A8%E6%9D%B0%E4%BC%A6.txt', '流行', '[\"流行\"]', 0, 0, '2002-07-18 00:00:00', '2024-11-30 12:05:01', '2024-11-30 12:05:01');
INSERT INTO `song` VALUES (27, 1, 3, '爷爷泡的茶', NULL, 280, 'https://sample2003.oss-cn-guangzhou.aliyuncs.com/music/song/%E7%88%B7%E7%88%B7%E6%B3%A1%E7%9A%84%E8%8C%B6-%E5%91%A8%E6%9D%B0%E4%BC%A6.mp3', 'https://sample2003.oss-cn-guangzhou.aliyuncs.com/music/song/%E7%88%B7%E7%88%B7%E6%B3%A1%E7%9A%84%E8%8C%B6-%E5%91%A8%E6%9D%B0%E4%BC%A6.flac', 'https://sample2003.oss-cn-guangzhou.aliyuncs.com/music/image/3bdkj.jpg', 'https://sample2003.oss-cn-guangzhou.aliyuncs.com/music/lyric/%E7%88%B7%E7%88%B7%E6%B3%A1%E7%9A%84%E8%8C%B6-%E5%91%A8%E6%9D%B0%E4%BC%A6.txt', '流行', '[\"流行\"]', 0, 0, '2002-07-18 00:00:00', '2024-11-30 12:05:01', '2024-11-30 12:05:01');
INSERT INTO `song` VALUES (28, 1, 3, '回到过去', NULL, 280, 'https://sample2003.oss-cn-guangzhou.aliyuncs.com/music/song/%E5%9B%9E%E5%88%B0%E8%BF%87%E5%8E%BB-%E5%91%A8%E6%9D%B0%E4%BC%A6.mp3', 'https://sample2003.oss-cn-guangzhou.aliyuncs.com/music/song/%E5%9B%9E%E5%88%B0%E8%BF%87%E5%8E%BB-%E5%91%A8%E6%9D%B0%E4%BC%A6.flac', 'https://sample2003.oss-cn-guangzhou.aliyuncs.com/music/image/3bdkj.jpg', 'https://sample2003.oss-cn-guangzhou.aliyuncs.com/music/lyric/%E5%9B%9E%E5%88%B0%E8%BF%87%E5%8E%BB-%E5%91%A8%E6%9D%B0%E4%BC%A6.txt', '流行', '[\"流行\"]', 0, 0, '2002-07-18 00:00:00', '2024-11-30 12:05:01', '2024-11-30 12:05:01');
INSERT INTO `song` VALUES (29, 1, 3, '米兰的小铁匠', NULL, 280, 'https://sample2003.oss-cn-guangzhou.aliyuncs.com/music/song/%E7%B1%B3%E5%85%B0%E7%9A%84%E5%B0%8F%E9%93%81%E5%8C%A0-%E5%91%A8%E6%9D%B0%E4%BC%A6.mp3', 'https://sample2003.oss-cn-guangzhou.aliyuncs.com/music/song/%E7%B1%B3%E5%85%B0%E7%9A%84%E5%B0%8F%E9%93%81%E5%8C%A0-%E5%91%A8%E6%9D%B0%E4%BC%A6.flac', 'https://sample2003.oss-cn-guangzhou.aliyuncs.com/music/image/3bdkj.jpg', 'https://sample2003.oss-cn-guangzhou.aliyuncs.com/music/lyric/%E7%B1%B3%E5%85%B0%E7%9A%84%E5%B0%8F%E9%93%81%E5%8C%A0-%E5%91%A8%E6%9D%B0%E4%BC%A6.txt', '流行', '[\"流行\"]', 0, 0, '2002-07-18 00:00:00', '2024-11-30 12:05:01', '2024-11-30 12:05:01');
INSERT INTO `song` VALUES (30, 1, 4, '以父之名', NULL, 280, 'https://sample2003.oss-cn-guangzhou.aliyuncs.com/music/song/%E4%BB%A5%E7%88%B6%E4%B9%8B%E5%90%8D-%E5%91%A8%E6%9D%B0%E4%BC%A6.mp3', 'https://sample2003.oss-cn-guangzhou.aliyuncs.com/music/song/%E4%BB%A5%E7%88%B6%E4%B9%8B%E5%90%8D-%E5%91%A8%E6%9D%B0%E4%BC%A6.flac', 'https://sample2003.oss-cn-guangzhou.aliyuncs.com/music/image/4yhm.jpg', 'https://sample2003.oss-cn-guangzhou.aliyuncs.com/music/lyric/%E4%BB%A5%E7%88%B6%E4%B9%8B%E5%90%8D-%E5%91%A8%E6%9D%B0%E4%BC%A6.txt', '流行', '[\"流行\"]', 0, 0, '2003-07-31 00:00:00', '2024-11-30 12:05:01', '2024-11-30 12:05:01');
INSERT INTO `song` VALUES (31, 1, 4, '懦夫', NULL, 280, 'https://sample2003.oss-cn-guangzhou.aliyuncs.com/music/song/%E6%87%A6%E5%A4%AB-%E5%91%A8%E6%9D%B0%E4%BC%A6.mp3', 'https://sample2003.oss-cn-guangzhou.aliyuncs.com/music/song/%E6%87%A6%E5%A4%AB-%E5%91%A8%E6%9D%B0%E4%BC%A6.flac', 'https://sample2003.oss-cn-guangzhou.aliyuncs.com/music/image/4yhm.jpg', 'https://sample2003.oss-cn-guangzhou.aliyuncs.com/music/lyric/%E6%87%A6%E5%A4%AB-%E5%91%A8%E6%9D%B0%E4%BC%A6.txt', '流行', '[\"流行\"]', 0, 0, '2003-07-31 00:00:00', '2024-11-30 12:05:01', '2024-11-30 12:05:01');
INSERT INTO `song` VALUES (32, 1, 4, '晴天', NULL, 280, 'https://sample2003.oss-cn-guangzhou.aliyuncs.com/music/song/%E6%99%B4%E5%A4%A9-%E5%91%A8%E6%9D%B0%E4%BC%A6.mp3', 'https://sample2003.oss-cn-guangzhou.aliyuncs.com/music/song/%E6%99%B4%E5%A4%A9-%E5%91%A8%E6%9D%B0%E4%BC%A6.flac', 'https://sample2003.oss-cn-guangzhou.aliyuncs.com/music/image/4yhm.jpg', 'https://sample2003.oss-cn-guangzhou.aliyuncs.com/music/lyric/%E6%99%B4%E5%A4%A9-%E5%91%A8%E6%9D%B0%E4%BC%A6.txt', '流行', '[\"流行\"]', 0, 0, '2003-07-31 00:00:00', '2024-11-30 12:05:01', '2024-11-30 12:05:01');
INSERT INTO `song` VALUES (33, 1, 4, '三年二班', NULL, 280, 'https://sample2003.oss-cn-guangzhou.aliyuncs.com/music/song/%E4%B8%89%E5%B9%B4%E4%BA%8C%E7%8F%AD-%E5%91%A8%E6%9D%B0%E4%BC%A6.mp3', 'https://sample2003.oss-cn-guangzhou.aliyuncs.com/music/song/%E4%B8%89%E5%B9%B4%E4%BA%8C%E7%8F%AD-%E5%91%A8%E6%9D%B0%E4%BC%A6.flac', 'https://sample2003.oss-cn-guangzhou.aliyuncs.com/music/image/4yhm.jpg', 'https://sample2003.oss-cn-guangzhou.aliyuncs.com/music/lyric/%E4%B8%89%E5%B9%B4%E4%BA%8C%E7%8F%AD-%E5%91%A8%E6%9D%B0%E4%BC%A6.txt', '流行', '[\"流行\"]', 0, 0, '2003-07-31 00:00:00', '2024-11-30 12:05:01', '2024-11-30 12:05:01');
INSERT INTO `song` VALUES (34, 1, 4, '东风破', NULL, 280, 'https://sample2003.oss-cn-guangzhou.aliyuncs.com/music/song/%E4%B8%9C%E9%A3%8E%E7%A0%B4-%E5%91%A8%E6%9D%B0%E4%BC%A6.mp3', 'https://sample2003.oss-cn-guangzhou.aliyuncs.com/music/song/%E4%B8%9C%E9%A3%8E%E7%A0%B4-%E5%91%A8%E6%9D%B0%E4%BC%A6.flac', 'https://sample2003.oss-cn-guangzhou.aliyuncs.com/music/image/4yhm.jpg', 'https://sample2003.oss-cn-guangzhou.aliyuncs.com/music/lyric/%E4%B8%9C%E9%A3%8E%E7%A0%B4-%E5%91%A8%E6%9D%B0%E4%BC%A6.txt', '中国风', '[\"流行\", \"中国风\"]', 0, 0, '2003-07-31 00:00:00', '2024-11-30 12:05:01', '2024-11-30 12:05:01');
INSERT INTO `song` VALUES (35, 1, 4, '你听得到', NULL, 280, 'https://sample2003.oss-cn-guangzhou.aliyuncs.com/music/song/%E4%BD%A0%E5%90%AC%E5%BE%97%E5%88%B0-%E5%91%A8%E6%9D%B0%E4%BC%A6.mp3', 'https://sample2003.oss-cn-guangzhou.aliyuncs.com/music/song/%E4%BD%A0%E5%90%AC%E5%BE%97%E5%88%B0-%E5%91%A8%E6%9D%B0%E4%BC%A6.flac', 'https://sample2003.oss-cn-guangzhou.aliyuncs.com/music/image/4yhm.jpg', 'https://sample2003.oss-cn-guangzhou.aliyuncs.com/music/lyric/%E4%BD%A0%E5%90%AC%E5%BE%97%E5%88%B0-%E5%91%A8%E6%9D%B0%E4%BC%A6.txt', '流行', '[\"流行\"]', 0, 0, '2003-07-31 00:00:00', '2024-11-30 12:05:01', '2024-11-30 12:05:01');
INSERT INTO `song` VALUES (36, 1, 4, '同一种调调', NULL, 280, 'https://sample2003.oss-cn-guangzhou.aliyuncs.com/music/song/%E5%90%8C%E4%B8%80%E7%A7%8D%E8%B0%83%E8%B0%83-%E5%91%A8%E6%9D%B0%E4%BC%A6.mp3', 'https://sample2003.oss-cn-guangzhou.aliyuncs.com/music/song/%E5%90%8C%E4%B8%80%E7%A7%8D%E8%B0%83%E8%B0%83-%E5%91%A8%E6%9D%B0%E4%BC%A6.flac', 'https://sample2003.oss-cn-guangzhou.aliyuncs.com/music/image/4yhm.jpg', 'https://sample2003.oss-cn-guangzhou.aliyuncs.com/music/lyric/%E5%90%8C%E4%B8%80%E7%A7%8D%E8%B0%83%E8%B0%83-%E5%91%A8%E6%9D%B0%E4%BC%A6.txt', '流行', '[\"流行\"]', 0, 0, '2003-07-31 00:00:00', '2024-11-30 12:05:01', '2024-11-30 12:05:01');
INSERT INTO `song` VALUES (37, 1, 4, '她的睫毛', NULL, 280, 'https://sample2003.oss-cn-guangzhou.aliyuncs.com/music/song/%E5%A5%B9%E7%9A%84%E7%9D%AB%E6%AF%9B-%E5%91%A8%E6%9D%B0%E4%BC%A6.mp3', 'https://sample2003.oss-cn-guangzhou.aliyuncs.com/music/song/%E5%A5%B9%E7%9A%84%E7%9D%AB%E6%AF%9B-%E5%91%A8%E6%9D%B0%E4%BC%A6.flac', 'https://sample2003.oss-cn-guangzhou.aliyuncs.com/music/image/4yhm.jpg', 'https://sample2003.oss-cn-guangzhou.aliyuncs.com/music/lyric/%E5%A5%B9%E7%9A%84%E7%9D%AB%E6%AF%9B-%E5%9%A8%E6%9D%B0%E4%BC%A6.txt', '流行', '[\"流行\"]', 0, 0, '2003-07-31 00:00:00', '2024-11-30 12:05:01', '2024-11-30 12:05:01');
INSERT INTO `song` VALUES (38, 1, 4, '爱情悬崖', NULL, 280, 'https://sample2003.oss-cn-guangzhou.aliyuncs.com/music/song/%E7%88%B1%E6%83%85%E6%82%AC%E5%B4%96-%E5%91%A8%E6%9D%B0%E4%BC%A6.mp3', 'https://sample2003.oss-cn-guangzhou.aliyuncs.com/music/song/%E7%88%B1%E6%83%85%E6%82%AC%E5%B4%96-%E5%91%A8%E6%9D%B0%E4%BC%A6.flac', 'https://sample2003.oss-cn-guangzhou.aliyuncs.com/music/image/4yhm.jpg', 'https://sample2003.oss-cn-guangzhou.aliyuncs.com/music/lyric/%E7%88%B1%E6%83%85%E6%82%AC%E5%B4%96-%E5%91%A8%E6%9D%B0%E4%BC%A6.txt', '流行', '[\"流行\"]', 0, 0, '2003-07-31 00:00:00', '2024-11-30 12:05:01', '2024-11-30 12:05:01');
INSERT INTO `song` VALUES (39, 1, 4, '梯田', NULL, 280, 'https://sample2003.oss-cn-guangzhou.aliyuncs.com/music/song/%E6%A2%AF%E7%94%B0-%E5%91%A8%E6%9D%B0%E4%BC%A6.mp3', 'https://sample2003.oss-cn-guangzhou.aliyuncs.com/music/song/%E6%A2%AF%E7%94%B0-%E5%91%A8%E6%9D%B0%E4%BC%A6.flac', 'https://sample2003.oss-cn-guangzhou.aliyuncs.com/music/image/4yhm.jpg', 'https://sample2003.oss-cn-guangzhou.aliyuncs.com/music/lyric/%E6%A2%AF%E7%94%B0-%E5%91%A8%E6%9D%B0%E4%BC%A6.txt', '流行', '[\"流行\"]', 0, 0, '2003-07-31 00:00:00', '2024-11-30 12:05:01', '2024-11-30 12:05:01');
INSERT INTO `song` VALUES (40, 1, 4, '双刀', NULL, 280, 'https://sample2003.oss-cn-guangzhou.aliyuncs.com/music/song/%E5%8F%8C%E5%88%80-%E5%91%A8%E6%9D%B0%E4%BC%A6.mp3', 'https://sample2003.oss-cn-guangzhou.aliyuncs.com/music/song/%E5%8F%8C%E5%88%80-%E5%91%A8%E6%9D%B0%E4%BC%A6.flac', 'https://sample2003.oss-cn-guangzhou.aliyuncs.com/music/image/4yhm.jpg', 'https://sample2003.oss-cn-guangzhou.aliyuncs.com/music/lyric/%E5%8F%8C%E5%88%80-%E5%91%A8%E6%9D%B0%E4%BC%A6.txt', '流行', '[\"流行\"]', 0, 0, '2003-07-31 00:00:00', '2024-11-30 12:05:01', '2024-11-30 12:05:01');
INSERT INTO `song` VALUES (41, 1, 5, '我的地盘', NULL, 280, 'https://sample2003.oss-cn-guangzhou.aliyuncs.com/music/song/%E6%88%91%E7%9A%84%E5%9C%B0%E7%9B%98-%E5%91%A8%E6%9D%B0%E4%BC%A6.mp3', 'https://sample2003.oss-cn-guangzhou.aliyuncs.com/music/song/%E6%88%91%E7%9A%84%E5%9C%B0%E7%9B%98-%E5%91%A8%E6%9D%B0%E4%BC%A6.flac', 'https://sample2003.oss-cn-guangzhou.aliyuncs.com/music/image/5qlx.jpg', 'https://sample2003.oss-cn-guangzhou.aliyuncs.com/music/lyric/%E6%88%91%E7%9A%84%E5%9C%B0%E7%9B%98-%E5%91%A8%E6%9D%B0%E4%BC%A6.txt', '流行', '[\"流行\"]', 0, 0, '2004-08-03 00:00:00', '2024-11-30 12:05:01', '2024-11-30 12:05:01');
INSERT INTO `song` VALUES (42, 1, 5, '七里香', NULL, 280, 'https://sample2003.oss-cn-guangzhou.aliyuncs.com/music/song/%E4%B8%83%E9%87%8C%E9%A6%99-%E5%91%A8%E6%9D%B0%E4%BC%A6.mp3', 'https://sample2003.oss-cn-guangzhou.aliyuncs.com/music/song/%E4%B8%83%E9%87%8C%E9%A6%99-%E5%91%A8%E6%9D%B0%E4%BC%A6.flac', 'https://sample2003.oss-cn-guangzhou.aliyuncs.com/music/image/5qlx.jpg', 'https://sample2003.oss-cn-guangzhou.aliyuncs.com/music/lyric/%E4%B8%83%E9%87%8C%E9%A6%99-%E5%91%A8%E6%9D%B0%E4%BC%A6.txt', '流行', '[\"流行\"]', 0, 0, '2004-08-03 00:00:00', '2024-11-30 12:05:01', '2024-11-30 12:05:01');
INSERT INTO `song` VALUES (43, 1, 5, '借口', NULL, 280, 'https://sample2003.oss-cn-guangzhou.aliyuncs.com/music/song/%E5%80%9F%E5%8F%A3-%E5%91%A8%E6%9D%B0%E4%BC%A6.mp3', 'https://sample2003.oss-cn-guangzhou.aliyuncs.com/music/song/%E5%80%9F%E5%8F%A3-%E5%91%A8%E6%9D%B0%E4%BC%A6.flac', 'https://sample2003.oss-cn-guangzhou.aliyuncs.com/music/image/5qlx.jpg', 'https://sample2003.oss-cn-guangzhou.aliyuncs.com/music/lyric/%E5%80%9F%E5%8F%A3-%E5%91%A8%E6%9D%B0%E4%BC%A6.txt', '流行', '[\"流行\"]', 0, 0, '2004-08-03 00:00:00', '2024-11-30 12:05:01', '2024-11-30 12:05:01');
INSERT INTO `song` VALUES (44, 1, 5, '外婆', NULL, 280, 'https://sample2003.oss-cn-guangzhou.aliyuncs.com/music/song/%E5%A4%96%E5%A9%86-%E5%91%A8%E6%9D%B0%E4%BC%A6.mp3', 'https://sample2003.oss-cn-guangzhou.aliyuncs.com/music/song/%E5%A4%96%E5%A9%86-%E5%91%A8%E6%9D%B0%E4%BC%A6.flac', 'https://sample2003.oss-cn-guangzhou.aliyuncs.com/music/image/5qlx.jpg', 'https://sample2003.oss-cn-guangzhou.aliyuncs.com/music/lyric/%E5%A4%96%E5%A9%86-%E5%91%A8%E6%9D%B0%E4%BC%A6.txt', '流行', '[\"流行\"]', 0, 0, '2004-08-03 00:00:00', '2024-11-30 12:05:01', '2024-11-30 12:05:01');
INSERT INTO `song` VALUES (45, 1, 5, '将军', NULL, 280, 'https://sample2003.oss-cn-guangzhou.aliyuncs.com/music/song/%E5%B0%86%E5%86%9B-%E5%91%A8%E6%9D%B0%E4%BC%A6.mp3', 'https://sample2003.oss-cn-guangzhou.aliyuncs.com/music/song/%E5%B0%86%E5%86%9B-%E5%91%A8%E6%9D%B0%E4%BC%A6.flac', 'https://sample2003.oss-cn-guangzhou.aliyuncs.com/music/image/5qlx.jpg', 'https://sample2003.oss-cn-guangzhou.aliyuncs.com/music/lyric/%E5%B0%86%E5%86%9B-%E5%91%A8%E6%9D%B0%E4%BC%A6.txt', '流行', '[\"流行\"]', 0, 0, '2004-08-03 00:00:00', '2024-11-30 12:05:01', '2024-11-30 12:05:01');
INSERT INTO `song` VALUES (46, 1, 5, '搁浅', NULL, 280, 'https://sample2003.oss-cn-guangzhou.aliyuncs.com/music/song/%E6%90%81%E6%B5%85-%E5%91%A8%E6%9D%B0%E4%BC%A6.mp3', 'https://sample2003.oss-cn-guangzhou.aliyuncs.com/music/song/%E6%90%81%E6%B5%85-%E5%91%A8%E6%9D%B0%E4%BC%A6.flac', 'https://sample2003.oss-cn-guangzhou.aliyuncs.com/music/image/5qlx.jpg', 'https://sample2003.oss-cn-guangzhou.aliyuncs.com/music/lyric/%E6%90%81%E6%B5%85-%E5%91%A8%E6%9D%B0%E4%BC%A6.txt', '流行', '[\"流行\"]', 0, 0, '2004-08-03 00:00:00', '2024-11-30 12:05:01', '2024-11-30 12:05:01');
INSERT INTO `song` VALUES (47, 1, 5, '乱舞春秋', NULL, 280, 'https://sample2003.oss-cn-guangzhou.aliyuncs.com/music/song/%E4%B9%B1%E8%88%9E%E6%98%A5%E7%A7%8B-%E5%91%A8%E6%9D%B0%E4%BC%A6.mp3', 'https://sample2003.oss-cn-guangzhou.aliyuncs.com/music/song/%E4%B9%B1%E8%88%9E%E6%98%A5%E7%A7%8B-%E5%91%A8%E6%9D%B0%E4%BC%A6.flac', 'https://sample2003.oss-cn-guangzhou.aliyuncs.com/music/image/5qlx.jpg', 'https://sample2003.oss-cn-guangzhou.aliyuncs.com/music/lyric/%E4%B9%B1%E8%88%9E%E6%98%A5%E7%A7%8B-%E5%91%A8%E6%9D%B0%E4%BC%A6.txt', '流行', '[\"流行\"]', 0, 0, '2004-08-03 00:00:00', '2024-11-30 12:05:01', '2024-11-30 12:05:01');
INSERT INTO `song` VALUES (48, 1, 5, '园游会', NULL, 280, 'https://sample2003.oss-cn-guangzhou.aliyuncs.com/music/song/%E5%9B%AD%E6%B8%B8%E4%BC%9A-%E5%91%A8%E6%9D%B0%E4%BC%A6.mp3', 'https://sample2003.oss-cn-guangzhou.aliyuncs.com/music/song/%E5%9B%AD%E6%B8%B8%E4%BC%9A-%E5%91%A8%E6%9D%B0%E4%BC%A6.flac', 'https://sample2003.oss-cn-guangzhou.aliyuncs.com/music/image/5qlx.jpg', 'https://sample2003.oss-cn-guangzhou.aliyuncs.com/music/lyric/%E5%9B%AD%E6%B8%B8%E4%BC%9A-%E5%91%A8%E6%9D%B0%E4%BC%A6.txt', '流行', '[\"流行\"]', 0, 0, '2004-08-03 00:00:00', '2024-11-30 12:05:01', '2024-11-30 12:05:01');
INSERT INTO `song` VALUES (49, 1, 5, '止战之殇', NULL, 280, 'https://sample2003.oss-cn-guangzhou.aliyuncs.com/music/song/%E6%AD%A2%E6%88%98%E4%B9%8B%E6%AE%87-%E5%91%A8%E6%9D%B0%E4%BC%A6.mp3', 'https://sample2003.oss-cn-guangzhou.aliyuncs.com/music/song/%E6%AD%A2%E6%88%98%E4%B9%8B%E6%AE%87-%E5%91%A8%E6%9D%B0%E4%BC%A6.flac', 'https://sample2003.oss-cn-guangzhou.aliyuncs.com/music/image/5qlx.jpg', 'https://sample2003.oss-cn-guangzhou.aliyuncs.com/music/lyric/%E6%AD%A2%E6%88%98%E4%B9%8B%E6%AE%87-%E5%91%A8%E6%9D%B0%E4%BC%A6.txt', '流行', '[\"流行\"]', 0, 0, '2004-08-03 00:00:00', '2024-11-30 12:05:01', '2024-11-30 12:05:01');
INSERT INTO `song` VALUES (50, 1, 6, '夜曲', NULL, 280, 'https://sample2003.oss-cn-guangzhou.aliyuncs.com/music/song/%E5%A4%9C%E6%9B%B2-%E5%91%A8%E6%9D%B0%E4%BC%A6.mp3', 'https://sample2003.oss-cn-guangzhou.aliyuncs.com/music/song/%E5%A4%9C%E6%9B%B2-%E5%91%A8%E6%9D%B0%E4%BC%A6.flac', 'https://sample2003.oss-cn-guangzhou.aliyuncs.com/music/image/6syydxb.jpg', 'https://sample2003.oss-cn-guangzhou.aliyuncs.com/music/lyric/%E5%A4%9C%E6%9B%B2-%E5%91%A8%E6%9D%B0%E4%BC%A6.txt', '流行', '[\"流行\"]', 0, 0, '2005-11-01 00:00:00', '2024-12-03 18:15:14', '2024-12-03 18:15:14');
INSERT INTO `song` VALUES (51, 1, 6, '蓝色风暴', NULL, 280, 'https://sample2003.oss-cn-guangzhou.aliyuncs.com/music/song/%E8%93%9D%E8%89%B2%E9%A3%8E%E6%9A%B4-%E5%91%A8%E6%9D%B0%E4%BC%A6.mp3', 'https://sample2003.oss-cn-guangzhou.aliyuncs.com/music/song/%E8%93%9D%E8%89%B2%E9%A3%8E%E6%9A%B4-%E5%91%A8%E6%9D%B0%E4%BC%A6.flac', 'https://sample2003.oss-cn-guangzhou.aliyuncs.com/music/image/6syydxb.jpg', 'https://sample2003.oss-cn-guangzhou.aliyuncs.com/music/lyric/%E8%93%9D%E8%89%B2%E9%A3%8E%E6%9A%B4-%E5%91%A8%E6%9D%B0%E4%BC%A6.txt', '流行', '[\"流行\"]', 0, 0, '2005-11-01 00:00:00', '2024-12-03 18:15:14', '2024-12-03 18:15:14');
INSERT INTO `song` VALUES (52, 1, 6, '发如雪', NULL, 280, 'https://sample2003.oss-cn-guangzhou.aliyuncs.com/music/song/%E5%8F%91%E5%A6%82%E9%9B%AA-%E5%91%A8%E6%9D%B0%E4%BC%A6.mp3', 'https://sample2003.oss-cn-guangzhou.aliyuncs.com/music/song/%E5%8F%91%E5%A6%82%E9%9B%AA-%E5%91%A8%E6%9D%B0%E4%BC%A6.flac', 'https://sample2003.oss-cn-guangzhou.aliyuncs.com/music/image/6syydxb.jpg', 'https://sample2003.oss-cn-guangzhou.aliyuncs.com/music/lyric/%E5%8F%91%E5%A6%82%E9%9B%AA-%E5%91%A8%E6%9D%B0%E4%BC%A6.txt', '流行', '[\"流行\"]', 0, 0, '2005-11-01 00:00:00', '2024-12-03 18:15:14', '2024-12-03 18:15:14');
INSERT INTO `song` VALUES (53, 1, 6, '黑色毛衣', NULL, 280, 'https://sample2003.oss-cn-guangzhou.aliyuncs.com/music/song/%E9%BB%91%E8%89%B2%E6%AF%9B%E8%A1%A3-%E5%91%A8%E6%9D%B0%E4%BC%A6.mp3', 'https://sample2003.oss-cn-guangzhou.aliyuncs.com/music/song/%E9%BB%91%E8%89%B2%E6%AF%9B%E8%A1%A3-%E5%91%A8%E6%9D%B0%E4%BC%A6.flac', 'https://sample2003.oss-cn-guangzhou.aliyuncs.com/music/image/6syydxb.jpg', 'https://sample2003.oss-cn-guangzhou.aliyuncs.com/music/lyric/%E9%BB%91%E8%89%B2%E6%AF%9B%E8%A1%A3-%E5%91%A8%E6%9D%B0%E4%BC%A6.txt', '流行', '[\"流行\"]', 116, 0, '2005-11-01 00:00:00', '2024-12-03 18:15:14', '2024-12-03 18:15:14');
INSERT INTO `song` VALUES (54, 1, 6, '四面楚歌', '[\"林迈可\"]', 280, 'https://sample2003.oss-cn-guangzhou.aliyuncs.com/music/song/%E5%9B%9B%E9%9D%A2%E6%A5%9A%E6%AD%8C-%E5%91%A8%E6%9D%B0%E4%BC%A6%26%E6%9E%97%E8%BF%88%E5%8F%AF.mp3', 'https://sample2003.oss-cn-guangzhou.aliyuncs.com/music/song/%E5%9B%9B%E9%9D%A2%E6%A5%9A%E6%AD%8C-%E5%91%A8%E6%9D%B0%E4%BC%A6%26%E6%9E%97%E8%BF%88%E5%8F%AF.flac', 'https://sample2003.oss-cn-guangzhou.aliyuncs.com/music/image/6syydxb.jpg', 'https://sample2003.oss-cn-guangzhou.aliyuncs.com/music/lyric/%E5%9B%9B%E9%9D%A2%E6%A5%9A%E6%AD%8C-%E5%91%A8%E6%9D%B0%E4%BC%A6%26%E6%9E%97%E8%BF%88%E5%8F%AF.txt', '流行', '[\"流行\"]', 0, 0, '2005-11-01 00:00:00', '2024-12-03 18:15:14', '2024-12-03 18:15:14');
INSERT INTO `song` VALUES (55, 1, 6, '枫', NULL, 280, 'https://sample2003.oss-cn-guangzhou.aliyuncs.com/music/song/%E6%9E%AB-%E5%91%A8%E6%9D%B0%E4%BC%A6.mp3', 'https://sample2003.oss-cn-guangzhou.aliyuncs.com/music/song/%E6%9E%AB-%E5%91%A8%E6%9D%B0%E4%BC%A6.flac', 'https://sample2003.oss-cn-guangzhou.aliyuncs.com/music/image/6syydxb.jpg', 'https://sample2003.oss-cn-guangzhou.aliyuncs.com/music/lyric/%E6%9E%AB-%E5%91%A8%E6%9D%B0%E4%BC%A6.txt', '流行', '[\"流行\"]', 0, 0, '2005-11-01 00:00:00', '2024-12-03 18:15:14', '2024-12-03 18:15:14');
INSERT INTO `song` VALUES (56, 1, 6, '浪漫手机', NULL, 280, 'https://sample2003.oss-cn-guangzhou.aliyuncs.com/music/song/%E6%B5%AA%E6%BC%AB%E6%89%8B%E6%9C%BA-%E5%91%A8%E6%9D%B0%E4%BC%A6.mp3', 'https://sample2003.oss-cn-guangzhou.aliyuncs.com/music/song/%E6%B5%AA%E6%BC%AB%E6%89%8B%E6%9C%BA-%E5%91%A8%E6%9D%B0%E4%BC%A6.flac', 'https://sample2003.oss-cn-guangzhou.aliyuncs.com/music/image/6syydxb.jpg', 'https://sample2003.oss-cn-guangzhou.aliyuncs.com/music/lyric/%E6%B5%AA%E6%BCl%AB%E6%89%8B%E6%9C%BA-%E5%91%A8%E6%9D%B0%E4%BC%A6.txt', '流行', '[\"流行\"]', 0, 0, '2005-11-01 00:00:00', '2024-12-03 18:15:14', '2024-12-03 18:15:14');
INSERT INTO `song` VALUES (57, 1, 6, '逆鳞', NULL, 280, 'https://sample2003.oss-cn-guangzhou.aliyuncs.com/music/song/%E9%80%86%E9%B3%9E-%E5%91%A8%E6%9D%B0%E4%BC%A6.mp3', 'https://sample2003.oss-cn-guangzhou.aliyuncs.com/music/song/%E9%80%86%E9%B3%9E-%E5%91%A8%E6%9D%B0%E4%BC%A6.flac', 'https://sample2003.oss-cn-guangzhou.aliyuncs.com/music/image/6syydxb.jpg', 'https://sample2003.oss-cn-guangzhou.aliyuncs.com/music/lyric/%E9%80%86%E9%B3%9E-%E5%91%A8%E6%9D%B0%E4%BC%A6.txt', '流行', '[\"流行\"]', 0, 0, '2005-11-01 00:00:00', '2024-12-03 18:15:14', '2024-12-03 18:15:14');
INSERT INTO `song` VALUES (58, 1, 6, '麦芽糖', NULL, 280, 'https://sample2003.oss-cn-guangzhou.aliyuncs.com/music/song/%E9%BA%A6%E8%8A%BD%E7%B3%96-%E5%91%A8%E6%9D%B0%E4%BC%A6.mp3', 'https://sample2003.oss-cn-guangzhou.aliyuncs.com/music/song/%E9%BA%A6%E8%8A%BD%E7%B3%96-%E5%91%A8%E6%9D%B0%E4%BC%A6.flac', 'https://sample2003.oss-cn-guangzhou.aliyuncs.com/music/image/6syydxb.jpg', 'https://sample2003.oss-cn-guangzhou.aliyuncs.com/music/lyric/%E9%BA%A6%E8%8A%BD%E7%B3%96-%E5%91%A8%E6%9D%B0%E4%BC%A6.txt', '流行', '[\"流行\"]', 0, 0, '2005-11-01 00:00:00', '2024-12-03 18:15:14', '2024-12-03 18:15:14');
INSERT INTO `song` VALUES (59, 1, 6, '珊瑚海', '[\"梁心颐\"]', 280, 'https://sample2003.oss-cn-guangzhou.aliyuncs.com/music/song/%E7%8F%8A%E7%91%9A%E6%B5%B7-%E5%91%A8%E6%9D%B0%E4%BC%A6%26Lara%E6%A2%81%E5%BF%83%E9%A2%90.mp3', 'https://sample2003.oss-cn-guangzhou.aliyuncs.com/music/song/%E7%8F%8A%E7%91%9A%E6%B5%B7-%E5%91%A8%E6%9D%B0%E4%BC%A6%26Lara%E6%A2%81%E5%BF%83%E9%A2%90.flac', 'https://sample2003.oss-cn-guangzhou.aliyuncs.com/music/image/6syydxb.jpg', 'https://sample2003.oss-cn-guangzhou.aliyuncs.com/music/lyric/%E7%8F%8A%E7%91%9A%E6%B5%B7-%E5%91%A8%E6%9D%B0%E4%BC%A6%26Lara%E6%A2%81%E5%BF%83%E9%A2%90.txt', '流行', '[\"流行\"]', 0, 0, '2005-11-01 00:00:00', '2024-12-03 18:15:14', '2024-12-03 18:15:14');
INSERT INTO `song` VALUES (60, 1, 7, '夜的第七章', '[\"潘儿\"]', 280, 'https://sample2003.oss-cn-guangzhou.aliyuncs.com/music/song/%E5%A4%9C%E7%9A%84%E7%AC%AC%E4%B8%83%E7%AB%A0-%E5%91%A8%E6%9D%B0%E4%BC%A6%26%E6%BD%98%E5%84%BF.mp3', 'https://sample2003.oss-cn-guangzhou.aliyuncs.com/music/song/%E5%A4%9C%E7%9A%84%E7%AC%AC%E4%B8%83%E7%AB%A0-%E5%91%A8%E6%9D%B0%E4%BC%A6%26%E6%BD%98%E5%84%BF.flac', 'https://sample2003.oss-cn-guangzhou.aliyuncs.com/music/image/7yrftx.jpg', 'https://sample2003.oss-cn-guangzhou.aliyuncs.com/music/lyric/%E5%A4%9C%E7%9A%84%E7%AC%AC%E4%B8%83%E7%AB%A0-%E5%91%A8%E6%9D%B0%E4%BC%A6%26%E6%BD%98%E5%84%BF.txt', '流行', '[\"流行\"]', 0, 0, '2006-09-05 00:00:00', '2024-12-03 18:21:18', '2024-12-03 18:21:18');
INSERT INTO `song` VALUES (61, 1, 7, '听妈妈的话', NULL, 280, 'https://sample2003.oss-cn-guangzhou.aliyuncs.com/music/song/%E5%90%AC%E5%A6%88%E5%A6%88%E7%9A%84%E8%AF%9D-%E5%91%A8%E6%9D%B0%E4%BC%A6.mp3', 'https://sample2003.oss-cn-guangzhou.aliyuncs.com/music/song/%E5%90%AC%E5%A6%88%E5%A6%88%E7%9A%84%E8%AF%9D-%E5%91%A8%E6%9D%B0%E4%BC%A6.flac', 'https://sample2003.oss-cn-guangzhou.aliyuncs.com/music/image/7yrftx.jpg', 'https://sample2003.oss-cn-guangzhou.aliyuncs.com/music/lyric/%E5%90%AC%E5%A6%88%E5%A6%88%E7%9A%84%E8%AF%9D-%E5%91%A8%E6%9D%B0%E4%BC%A6.txt', '流行', '[\"流行\"]', 0, 0, '2006-09-05 00:00:00', '2024-12-03 18:21:18', '2024-12-03 18:21:18');
INSERT INTO `song` VALUES (62, 1, 7, '千里之外', '[\"费玉清\"]', 280, 'https://sample2003.oss-cn-guangzhou.aliyuncs.com/music/song/%E5%8D%83%E9%87%8C%E4%B9%8B%E5%A4%96-%E5%91%A8%E6%9D%B0%E4%BC%A6%26%E8%B4%B9%E7%8E%89%E6%B8%85.mp3', 'https://sample2003.oss-cn-guangzhou.aliyuncs.com/music/song/%E5%8D%83%E9%87%8C%E4%B9%8B%E5%A4%96-%E5%91%A8%E6%9D%B0%E4%BC%A6%26%E8%B4%B9%E7%8E%89%E6%B8%85.flac', 'https://sample2003.oss-cn-guangzhou.aliyuncs.com/music/image/7yrftx.jpg', 'https://sample2003.oss-cn-guangzhou.aliyuncs.com/music/lyric/%E5%8D%83%E9%87%8C%E4%B9%8B%E5%A4%96-%E5%91%A8%E6%9D%B0%E4%BC%A6%26%E8%B4%B9%E7%8E%89%E6%B8%85.txt', '流行', '[\"流行\"]', 0, 0, '2006-09-05 00:00:00', '2024-12-03 18:21:18', '2024-12-03 18:21:18');
INSERT INTO `song` VALUES (63, 1, 7, '本草纲目', NULL, 280, 'https://sample2003.oss-cn-guangzhou.aliyuncs.com/music/song/%E6%9C%AC%E8%8D%89%E7%BA%B2%E7%9B%AE-%E5%91%A8%E6%9D%B0%E4%BC%A6.mp3', 'https://sample2003.oss-cn-guangzhou.aliyuncs.com/music/song/%E6%9C%AC%E8%8D%89%E7%BA%B2%E7%9B%AE-%E5%91%A8%E6%9D%B0%E4%BC%A6.flac', 'https://sample2003.oss-cn-guangzhou.aliyuncs.com/music/image/7yrftx.jpg', 'https://sample2003.oss-cn-guangzhou.aliyuncs.com/music/lyric/%E6%9C%AC%E8%8D%89%E7%BA%B2%E7%9B%AE-%E5%91%A8%E6%9D%B0%E4%BC%A6.txt', '流行', '[\"流行\"]', 0, 0, '2006-09-05 00:00:00', '2024-12-03 18:21:18', '2024-12-03 18:21:18');
INSERT INTO `song` VALUES (64, 1, 7, '退后', NULL, 280, 'https://sample2003.oss-cn-guangzhou.aliyuncs.com/music/song/%E9%80%80%E5%90%8E-%E5%91%A8%E6%9D%B0%E4%BC%A6.mp3', 'https://sample2003.oss-cn-guangzhou.aliyuncs.com/music/song/%E9%80%80%E5%90%8E-%E5%91%A8%E6%9D%B0%E4%BC%A6.flac', 'https://sample2003.oss-cn-guangzhou.aliyuncs.com/music/image/7yrftx.jpg', 'https://sample2003.oss-cn-guangzhou.aliyuncs.com/music/lyric/%E9%80%80%E5%90%8E-%E5%91%A8%E6%9D%B0%E4%BC%A6.txt', '流行', '[\"流行\"]', 0, 0, '2006-09-05 00:00:00', '2024-12-03 18:21:18', '2024-12-03 18:21:18');
INSERT INTO `song` VALUES (65, 1, 7, '红模仿', NULL, 280, 'https://sample2003.oss-cn-guangzhou.aliyuncs.com/music/song/%E7%BA%A2%E6%A8%A1%E4%BB%BF-%E5%91%A8%E6%9D%B0%E4%BC%A6.mp3', 'https://sample2003.oss-cn-guangzhou.aliyuncs.com/music/song/%E7%BA%A2%E6%A8%A1%E4%BB%BF-%E5%91%A8%E6%9D%B0%E4%BC%A6.flac', 'https://sample2003.oss-cn-guangzhou.aliyuncs.com/music/image/7yrftx.jpg', 'https://sample2003.oss-cn-guangzhou.aliyuncs.com/music/lyric/%E7%BA%A2%E6%A8%A1%E4%BB%BF-%E5%91%A8%E6%9D%B0%E4%BC%A6.txt', '流行', '[\"流行\"]', 0, 0, '2006-09-05 00:00:00', '2024-12-03 18:21:18', '2024-12-03 18:21:18');
INSERT INTO `song` VALUES (66, 1, 7, '心雨', NULL, 280, 'https://sample2003.oss-cn-guangzhou.aliyuncs.com/music/song/%E5%BF%83%E9%9B%A8-%E5%91%A8%E6%9D%B0%E4%BC%A6.mp3', 'https://sample2003.oss-cn-guangzhou.aliyuncs.com/music/song/%E5%BF%83%E9%9B%A8-%E5%91%A8%E6%9D%B0%E4%BC%A6.flac', 'https://sample2003.oss-cn-guangzhou.aliyuncs.com/music/image/7yrftx.jpg', 'https://sample2003.oss-cn-guangzhou.aliyuncs.com/music/lyric/%E5%BF%83%E9%9B%A8-%E5%91%A8%E6%9D%B0%E4%BC%A6.txt', '流行', '[\"流行\"]', 0, 0, '2006-09-05 00:00:00', '2024-12-03 18:21:18', '2024-12-03 18:21:18');
INSERT INTO `song` VALUES (67, 1, 7, '白色风车', NULL, 280, 'https://sample2003.oss-cn-guangzhou.aliyuncs.com/music/song/%E7%99%BD%E8%89%B2%E9%A3%8E%E8%BD%A6-%E5%91%A8%E6%9D%B0%E4%BC%A6.mp3', 'https://sample2003.oss-cn-guangzhou.aliyuncs.com/music/song/%E7%99%BD%E8%89%B2%E9%A3%8E%E8%BD%A6-%E5%91%A8%E6%9D%B0%E4%BC%A6.flac', 'https://sample2003.oss-cn-guangzhou.aliyuncs.com/music/image/7yrftx.jpg', 'https://sample2003.oss-cn-guangzhou.aliyuncs.com/music/lyric/%E7%99%BD%E8%89%B2%E9%A3%8E%E8%BD%A6-%E5%91%A8%E6%9D%B0%E4%BC%A6.txt', '流行', '[\"流行\"]', 0, 0, '2006-09-05 00:00:00', '2024-12-03 18:21:18', '2024-12-03 18:21:18');
INSERT INTO `song` VALUES (68, 1, 7, '迷迭香', NULL, 280, 'https://sample2003.oss-cn-guangzhou.aliyuncs.com/music/song/%E8%BF%B7%E8%BF%AD%E9%A6%99-%E5%91%A8%E6%9D%B0%E4%BC%A6.mp3', 'https://sample2003.oss-cn-guangzhou.aliyuncs.com/music/song/%E8%BF%B7%E8%BF%AD%E9%A6%99-%E5%91%A8%E6%9D%B0%E4%BC%A6.flac', 'https://sample2003.oss-cn-guangzhou.aliyuncs.com/music/image/7yrftx.jpg', 'https://sample2003.oss-cn-guangzhou.aliyuncs.com/music/lyric/%E8%BF%B7%E8%BF%AD%E9%A6%99-%E5%91%A8%E6%9D%B0%E4%BC%A6.txt', '流行', '[\"流行\"]', 0, 0, '2006-09-05 00:00:00', '2024-12-03 18:21:18', '2024-12-03 18:21:18');
INSERT INTO `song` VALUES (69, 1, 7, '菊花台', NULL, 280, 'https://sample2003.oss-cn-guangzhou.aliyuncs.com/music/song/%E8%8F%8A%E8%8A%B1%E5%8F%B0-%E5%91%A8%E6%9D%B0%E4%BC%A6.mp3', 'https://sample2003.oss-cn-guangzhou.aliyuncs.com/music/song/%E8%8F%8A%E8%8A%B1%E5%8F%B0-%E5%91%A8%E6%9D%B0%E4%BC%A6.flac', 'https://sample2003.oss-cn-guangzhou.aliyuncs.com/music/image/7yrftx.jpg', 'https://sample2003.oss-cn-guangzhou.aliyuncs.com/music/lyric/%E8%8F%8A%E8%8A%B1%E5%8F%B0-%E5%91%A8%E6%9D%B0%E4%BC%A6.txt', '中国风', '[\"流行\", \"中国风\"]', 0, 0, '2006-09-05 00:00:00', '2024-12-03 18:21:18', '2024-12-03 18:21:18');
INSERT INTO `song` VALUES (70, 1, 8, '牛仔很忙', NULL, 280, 'https://sample2003.oss-cn-guangzhou.aliyuncs.com/music/song/%E7%89%9B%E4%BB%94%E5%BE%88%E5%BF%99-%E5%91%A8%E6%9D%B0%E4%BC%A6.mp3', 'https://sample2003.oss-cn-guangzhou.aliyuncs.com/music/song/%E7%89%9B%E4%BB%94%E5%BE%88%E5%BF%99-%E5%91%A8%E6%9D%B0%E4%BC%A6.flac', 'https://sample2003.oss-cn-guangzhou.aliyuncs.com/music/image/8whm.jpg', 'https://sample2003.oss-cn-guangzhou.aliyuncs.com/music/lyric/%E7%89%9B%E4%BB%94%E5%BE%88%E5%BF%99-%E5%91%A8%E6%9D%B0%E4%BC%A6.txt', '流行', '[\"流行\"]', 0, 0, '2007-11-01 00:00:00', '2024-12-11 10:56:51', '2024-12-11 10:56:51');
INSERT INTO `song` VALUES (71, 1, 8, '彩虹', NULL, 280, 'https://sample2003.oss-cn-guangzhou.aliyuncs.com/music/song/%E5%BD%A9%E8%99%B9-%E5%91%A8%E6%9D%B0%E4%BC%A6.mp3', 'https://sample2003.oss-cn-guangzhou.aliyuncs.com/music/song/%E5%BD%A9%E8%99%B9-%E5%91%A8%E6%9D%B0%E4%BC%A6.flac', 'https://sample2003.oss-cn-guangzhou.aliyuncs.com/music/image/8whm.jpg', 'https://sample2003.oss-cn-guangzhou.aliyuncs.com/music/lyric/%E5%BD%A9%E8%99%B9-%E5%91%A8%E6%9D%B0%E4%BC%A6.txt', '流行', '[\"流行\"]', 0, 0, '2007-11-01 00:00:00', '2024-12-11 10:56:51', '2024-12-11 10:56:51');
INSERT INTO `song` VALUES (72, 1, 8, '青花瓷', NULL, 280, 'https://sample2003.oss-cn-guangzhou.aliyuncs.com/music/song/%E9%9D%92%E8%8A%B1%E7%93%B7-%E5%91%A8%E6%9D%B0%E4%BC%A6.mp3', 'https://sample2003.oss-cn-guangzhou.aliyuncs.com/music/song/%E9%9D%92%E8%8A%B1%E7%93%B7-%E5%91%A8%E6%9D%B0%E4%BC%A6.flac', 'https://sample2003.oss-cn-guangzhou.aliyuncs.com/music/image/8whm.jpg', 'https://sample2003.oss-cn-guangzhou.aliyuncs.com/music/lyric/%E9%9D%92%E8%8A%B1%E7%93%B7-%E5%91%A8%E6%9D%B0%E4%BC%A6.txt', '中国风', '[\"流行\", \"中国风\"]', 0, 0, '2007-11-01 00:00:00', '2024-12-11 10:56:51', '2024-12-11 10:56:51');
INSERT INTO `song` VALUES (73, 1, 8, '阳光宅男', NULL, 280, 'https://sample2003.oss-cn-guangzhou.aliyuncs.com/music/song/%E9%98%B3%E5%85%89%E5%AE%85%E7%94%B7-%E5%91%A8%E6%9D%B0%E4%BC%A6.mp3', 'https://sample2003.oss-cn-guangzhou.aliyuncs.com/music/song/%E9%98%B3%E5%85%89%E5%AE%85%E7%94%B7-%E5%91%A8%E6%9D%B0%E4%BC%A6.flac', 'https://sample2003.oss-cn-guangzhou.aliyuncs.com/music/image/8whm.jpg', 'https://sample2003.oss-cn-guangzhou.aliyuncs.com/music/lyirc/%E9%98%B3%E5%85%89%E5%AE%85%E7%94%B7-%E5%91%A8%E6%9D%B0%E4%BC%A6.txt', '流行', '[\"流行\"]', 0, 0, '2007-11-01 00:00:00', '2024-12-11 10:56:51', '2024-12-11 10:56:51');
INSERT INTO `song` VALUES (74, 1, 8, '蒲公英的约定', NULL, 280, 'https://sample2003.oss-cn-guangzhou.aliyuncs.com/music/song/%E8%92%B2%E5%85%AC%E8%8B%B1%E7%9A%84%E7%BA%A6%E5%AE%9A-%E5%91%A8%E6%9D%B0%E4%BC%A6.mp3', 'https://sample2003.oss-cn-guangzhou.aliyuncs.com/music/song/%E8%92%B2%E5%85%AC%E8%8B%B1%E7%9A%84%E7%BA%A6%E5%AE%9A-%E5%91%A8%E6%9D%B0%E4%BC%A6.flac', 'https://sample2003.oss-cn-guangzhou.aliyuncs.com/music/image/8whm.jpg', 'https://sample2003.oss-cn-guangzhou.aliyuncs.com/music/lyric/%E8%92%B2%E5%85%AC%E8%8B%B1%E7%9A%84%E7%BA%A6%E5%AE%9A-%E5%91%A8%E6%9D%B0%E4%BC%A6.txt', '流行', '[\"流行\"]', 0, 0, '2007-11-01 00:00:00', '2024-12-11 10:56:51', '2024-12-11 10:56:51');
INSERT INTO `song` VALUES (75, 1, 8, '无双', NULL, 280, 'https://sample2003.oss-cn-guangzhou.aliyuncs.com/music/song/%E6%97%A0%E5%8F%8C-%E5%91%A8%E6%9D%B0%E4%BC%A6.mp3', 'https://sample2003.oss-cn-guangzhou.aliyuncs.com/music/song/%E6%97%A0%E5%8F%8C-%E5%91%A8%E6%9D%B0%E4%BC%A6.flac', 'https://sample2003.oss-cn-guangzhou.aliyuncs.com/music/image/8whm.jpg', 'https://sample2003.oss-cn-guangzhou.aliyuncs.com/music/lyric/%E6%97%A0%E5%8F%8C-%E5%91%A8%E6%9D%B0%E4%BC%A6.txt', '流行', '[\"流行\"]', 0, 0, '2007-11-01 00:00:00', '2024-12-11 10:56:51', '2024-12-11 10:56:51');
INSERT INTO `song` VALUES (76, 1, 8, '我不配', NULL, 280, 'https://sample2003.oss-cn-guangzhou.aliyuncs.com/music/song/%E6%88%91%E4%B8%8D%E9%85%8D-%E5%91%A8%E6%9D%B0%E4%BC%A6.mp3', 'https://sample2003.oss-cn-guangzhou.aliyuncs.com/music/song/%E6%88%91%E4%B8%8D%E9%85%8D-%E5%91%A8%E6%9D%B0%E4%BC%A6.flac', 'https://sample2003.oss-cn-guangzhou.aliyuncs.com/music/image/8whm.jpg', 'https://sample2003.oss-cn-guangzhou.aliyuncs.com/music/lyric/%E6%88%91%E4%B8%8D%E9%85%8D-%E5%91%A8%E6%9D%B0%E4%BC%A6.txt', '流行', '[\"流行\"]', 0, 0, '2007-11-01 00:00:00', '2024-12-11 10:56:51', '2024-12-11 10:56:51');
INSERT INTO `song` VALUES (77, 1, 8, '扯', NULL, 280, 'https://sample2003.oss-cn-guangzhou.aliyuncs.com/music/song/%E6%89%AF-%E5%91%A8%E6%9D%B0%E4%BC%A6.mp3', 'https://sample2003.oss-cn-guangzhou.aliyuncs.com/music/song/%E6%89%AF-%E5%91%A8%E6%9D%B0%E4%BC%A6.flac', 'https://sample2003.oss-cn-guangzhou.aliyuncs.com/music/image/8whm.jpg', 'https://sample2003.oss-cn-guangzhou.aliyuncs.com/music/lyric/%E6%89%AF-%E5%91%A8%E6%9D%B0%E4%BC%A6.txt', '流行', '[\"流行\"]', 0, 0, '2007-11-01 00:00:00', '2024-12-11 10:56:51', '2024-12-11 10:56:51');
INSERT INTO `song` VALUES (78, 1, 8, '甜甜的', NULL, 280, 'https://sample2003.oss-cn-guangzhou.aliyuncs.com/music/song/%E7%94%9C%E7%94%9C%E7%9A%84-%E5%91%A8%E6%9D%B0%E4%BC%A6.mp3', 'https://sample2003.oss-cn-guangzhou.aliyuncs.com/music/song/%E7%94%9C%E7%94%9C%E7%9A%84-%E5%91%A8%E6%9D%B0%E4%BC%A6.flac', 'https://sample2003.oss-cn-guangzhou.aliyuncs.com/music/image/8whm.jpg', 'https://sample2003.oss-cn-guangzhou.aliyuncs.com/music/lyric/%E7%94%9C%E7%94%9C%E7%9A%84-%E5%91%A8%E6%9D%B0%E4%BC%A6.txt', '流行', '[\"流行\"]', 0, 0, '2007-11-01 00:00:00', '2024-12-11 10:56:51', '2024-12-11 10:56:51');
INSERT INTO `song` VALUES (79, 1, 8, '最长的电影', NULL, 280, 'https://sample2003.oss-cn-guangzhou.aliyuncs.com/music/song/%E6%9C%80%E9%95%BF%E7%9A%84%E7%94%B5%E5%BD%B1-%E5%91%A8%E6%9D%B0%E4%BC%A6.mp3', 'https://sample2003.oss-cn-guangzhou.aliyuncs.com/music/song/%E6%9C%80%E9%95%BF%E7%9A%84%E7%94%B5%E5%BD%B1-%E5%91%A8%E6%9D%B0%E4%BC%A6.flac', 'https://sample2003.oss-cn-guangzhou.aliyuncs.com/music/image/8whm.jpg', 'https://sample2003.oss-cn-guangzhou.aliyuncs.com/music/lyric/%E6%9C%80%E9%95%BF%E7%9A%84%E7%94%B5%E5%BD%B1-%E5%91%A8%E6%9D%B0%E4%BC%A6.txt', '流行', '[\"流行\"]', 0, 0, '2007-11-01 00:00:00', '2024-12-11 10:56:51', '2024-12-11 10:56:51');
INSERT INTO `song` VALUES (80, 1, 9, '龙战骑士', NULL, 280, 'https://sample2003.oss-cn-guangzhou.aliyuncs.com/music/song/%E9%BE%99%E6%88%98%E9%AA%91%E5%A3%AB-%E5%91%A8%E6%9D%B0%E4%BC%A6.mp3', 'https://sample2003.oss-cn-guangzhou.aliyuncs.com/music/song/%E9%BE%99%E6%88%98%E9%AA%91%E5%A3%AB-%E5%91%A8%E6%9D%B0%E4%BC%A6.flac', 'https://sample2003.oss-cn-guangzhou.aliyuncs.com/music/image/9mjz.jpg', 'https://sample2003.oss-cn-guangzhou.aliyuncs.com/music/lyric/%E9%BE%99%E6%88%98%E9%AA%91%E5%A3%AB-%E5%91%A8%E6%9D%B0%E4%BC%A6.txt', '流行', '[\"流行\"]', 0, 0, '2008-10-09 00:00:00', '2024-12-11 10:56:51', '2024-12-11 10:56:51');
INSERT INTO `song` VALUES (81, 1, 9, '给我一首歌的时间', NULL, 280, 'https://sample2003.oss-cn-guangzhou.aliyuncs.com/music/song/%E7%BB%99%E6%88%91%E4%B8%80%E9%A6%96%E6%AD%8C%E7%9A%84%E6%97%B6%E9%97%B4-%E5%91%A8%E6%9D%B0%E4%BC%A6.mp3', 'https://sample2003.oss-cn-guangzhou.aliyuncs.com/music/song/%E7%BB%99%E6%88%91%E4%B8%80%E9%A6%96%E6%AD%8C%E7%9A%84%E6%97%B6%E9%97%B4-%E5%91%A8%E6%9D%B0%E4%BC%A6.flac', 'https://sample2003.oss-cn-guangzhou.aliyuncs.com/music/image/9mjz.jpg', 'https://sample2003.oss-cn-guangzhou.aliyuncs.com/music/lyric/%E7%BB%99%E6%88%91%E4%B8%80%E9%A6%96%E6%AD%8C%E7%9A%84%E6%97%B6%E9%97%B4-%E5%91%A8%E6%9D%B0%E4%BC%A6.txt', '流行', '[\"流行\"]', 0, 0, '2008-10-09 00:00:00', '2024-12-11 10:56:51', '2024-12-11 10:56:51');
INSERT INTO `song` VALUES (82, 1, 9, '蛇舞', '[\"梁心颐\"]', 280, 'https://sample2003.oss-cn-guangzhou.aliyuncs.com/music/song/%E8%9B%87%E8%88%9E-%E5%91%A8%E6%9D%B0%E4%BC%A6%26Lara%E6%A2%81%E5%BF%83%E9%A2%90.mp3', 'https://sample2003.oss-cn-guangzhou.aliyuncs.com/music/song/%E8%9B%87%E8%88%9E-%E5%91%A8%E6%9D%B0%E4%BC%A6%26Lara%E6%A2%81%E5%BF%83%E9%A2%90.flac', 'https://sample2003.oss-cn-guangzhou.aliyuncs.com/music/image/9mjz.jpg', 'https://sample2003.oss-cn-guangzhou.aliyuncs.com/music/lyric/%E8%9B%87%E8%88%9E-%E5%91%A8%E6%9D%B0%E4%BC%A6%26Lara%E6%A2%81%E5%BF%83%E9%A2%90.txt', '流行', '[\"流行\"]', 0, 0, '2008-10-09 00:00:00', '2024-12-11 10:56:51', '2024-12-11 10:56:51');
INSERT INTO `song` VALUES (83, 1, 9, '花海', NULL, 280, 'https://sample2003.oss-cn-guangzhou.aliyuncs.com/music/song/%E8%8A%B1%E6%B5%B7-%E5%91%A8%E6%9D%B0%E4%BC%A6.mp3', 'https://sample2003.oss-cn-guangzhou.aliyuncs.com/music/song/%E8%8A%B1%E6%B5%B7-%E5%91%A8%E6%9D%B0%E4%BC%A6.flac', 'https://sample2003.oss-cn-guangzhou.aliyuncs.com/music/image/9mjz.jpg', 'https://sample2003.oss-cn-guangzhou.aliyuncs.com/music/luric/%E8%8A%B1%E6%B5%B7-%E5%91%A8%E6%9D%B0%E4%BC%A6.txt', '流行', '[\"流行\"]', 0, 0, '2008-10-09 00:00:00', '2024-12-11 10:56:51', '2024-12-11 10:56:51');
INSERT INTO `song` VALUES (84, 1, 9, '魔术先生', NULL, 280, 'https://sample2003.oss-cn-guangzhou.aliyuncs.com/music/song/%E9%AD%94%E6%9C%AF%E5%85%88%E7%94%9F-%E5%91%A8%E6%9D%B0%E4%BC%A6.mp3', 'https://sample2003.oss-cn-guangzhou.aliyuncs.com/music/song/%E9%AD%94%E6%9C%AF%E5%85%88%E7%94%9F-%E5%91%A8%E6%9D%B0%E4%BC%A6.flac', 'https://sample2003.oss-cn-guangzhou.aliyuncs.com/music/image/9mjz.jpg', 'https://sample2003.oss-cn-guangzhou.aliyuncs.com/music/lyric/%E9%AD%94%E6%9C%AF%E5%85%88%E7%94%9F-%E5%91%A8%E6%9D%B0%E4%BC%A6.txt', '流行', '[\"流行\"]', 0, 0, '2008-10-09 00:00:00', '2024-12-11 10:56:51', '2024-12-11 10:56:51');
INSERT INTO `song` VALUES (85, 1, 9, '说好的幸福呢', NULL, 280, 'https://sample2003.oss-cn-guangzhou.aliyuncs.com/music/song/%E8%AF%B4%E5%A5%BD%E7%9A%84%E5%B9%B8%E7%A6%8F%E5%91%A2-%E5%91%A8%E6%9D%B0%E4%BC%A6.mp3', 'https://sample2003.oss-cn-guangzhou.aliyuncs.com/music/song/%E8%AF%B4%E5%A5%BD%E7%9A%84%E5%B9%B8%E7%A6%8F%E5%91%A2-%E5%91%A8%E6%9D%B0%E4%BC%A6.flac', 'https://sample2003.oss-cn-guangzhou.aliyuncs.com/music/image/9mjz.jpg', 'https://sample2003.oss-cn-guangzhou.aliyuncs.com/music/lyric/%E8%AF%B4%E5%A5%BD%E7%9A%84%E5%B9%B8%E7%A6%8F%E5%91%A2-%E5%91%A8%E6%9D%B0%E4%BC%A6.txt', '流行', '[\"流行\"]', 0, 0, '2008-10-09 00:00:00', '2024-12-11 10:56:51', '2024-12-11 10:56:51');
INSERT INTO `song` VALUES (86, 1, 9, '兰亭序', NULL, 280, 'https://sample2003.oss-cn-guangzhou.aliyuncs.com/music/song/%E5%85%B0%E4%BA%AD%E5%BA%8F-%E5%91%A8%E6%9D%B0%E4%BC%A6.mp3', 'https://sample2003.oss-cn-guangzhou.aliyuncs.com/music/song/%E5%85%B0%E4%BA%AD%E5%BA%8F-%E5%91%A8%E6%9D%B0%E4%BC%A6.flac', 'https://sample2003.oss-cn-guangzhou.aliyuncs.com/music/image/9mjz.jpg', 'https://sample2003.oss-cn-guangzhou.aliyuncs.com/music/lyric/%E5%85%B0%E4%BA%AD%E5%BA%8F-%E5%91%A8%E6%9D%B0%E4%BC%A6.txt', '中国风', '[\"流行\", \"中国风\"]', 0, 0, '2008-10-09 00:00:00', '2024-12-11 10:56:51', '2024-12-11 10:56:51');
INSERT INTO `song` VALUES (87, 1, 9, '流浪诗人', '[\"杨瑞代\"]', 280, 'https://sample2003.oss-cn-guangzhou.aliyuncs.com/music/song/%E6%B5%81%E6%B5%AA%E8%AF%97%E4%BA%BA-%E5%91%A8%E6%9D%B0%E4%BC%A6%26%E6%9D%A8%E7%91%9E%E4%BB%A3.mp3', 'https://sample2003.oss-cn-guangzhou.aliyuncs.com/music/song/%E6%B5%81%E6%B5%AA%E8%AF%97%E4%BA%BA-%E5%91%A8%E6%9D%B0%E4%BC%A6%26%E6%9D%A8%E7%91%9E%E4%BB%A3.flac', 'https://sample2003.oss-cn-guangzhou.aliyuncs.com/music/image/9mjz.jpg', 'https://sample2003.oss-cn-guangzhou.aliyuncs.com/music/lyric/%E6%B5%81%E6%B5%AA%E8%AF%97%E4%BA%BA-%E5%91%A8%E6%9D%B0%E4%BC%A6%26%E6%9D%A8%E7%91%9E%E4%BB%A3.txt', '流行', '[\"流行\"]', 0, 0, '2008-10-09 00:00:00', '2024-12-11 10:56:51', '2024-12-11 10:56:51');
INSERT INTO `song` VALUES (88, 1, 9, '时光机', NULL, 280, 'https://sample2003.oss-cn-guangzhou.aliyuncs.com/music/song/%E6%97%B6%E5%85%89%E6%9C%BA-%E5%91%A8%E6%9D%B0%E4%BC%A6.mp3', 'https://sample2003.oss-cn-guangzhou.aliyuncs.com/music/song/%E6%97%B6%E5%85%89%E6%9C%BA-%E5%91%A8%E6%9D%B0%E4%BC%A6.flac', 'https://sample2003.oss-cn-guangzhou.aliyuncs.com/music/image/9mjz.jpg', 'https://sample2003.oss-cn-guangzhou.aliyuncs.com/music/lyric/%E6%97%B6%E5%85%89%E6%9C%BA-%E5%91%A8%E6%9D%B0%E4%BC%A6.txt', '流行', '[\"流行\"]', 0, 0, '2008-10-09 00:00:00', '2024-12-11 10:56:51', '2024-12-11 10:56:51');
INSERT INTO `song` VALUES (89, 1, 9, '乔克叔叔', NULL, 280, 'https://sample2003.oss-cn-guangzhou.aliyuncs.com/music/song/%E4%B9%94%E5%85%8B%E5%8F%94%E5%8F%94-%E5%91%A8%E6%9D%B0%E4%BC%A6.mp3', 'https://sample2003.oss-cn-guangzhou.aliyuncs.com/music/song/%E4%B9%94%E5%85%8B%E5%8F%94%E5%8F%94-%E5%91%A8%E6%9D%B0%E4%BC%A6.flac', 'https://sample2003.oss-cn-guangzhou.aliyuncs.com/music/image/9mjz.jpg', 'https://sample2003.oss-cn-guangzhou.aliyuncs.com/music/lyric/%E4%B9%94%E5%85%8B%E5%8F%94%E5%8F%94-%E5%91%A8%E6%9D%B0%E4%BC%A6.txt', '流行', '[\"流行\"]', 0, 0, '2008-10-09 00:00:00', '2024-12-11 10:56:51', '2024-12-11 10:56:51');
INSERT INTO `song` VALUES (90, 1, 10, '跨时代', NULL, 280, 'https://sample2003.oss-cn-guangzhou.aliyuncs.com/music/song/%E8%B7%A8%E6%97%B6%E4%BB%A3-%E5%91%A8%E6%9D%B0%E4%BC%A6.mp3', 'https://sample2003.oss-cn-guangzhou.aliyuncs.com/music/song/%E8%B7%A8%E6%97%B6%E4%BB%A3-%E5%91%A8%E6%9D%B0%E4%BC%A6.flac', 'https://sample2003.oss-cn-guangzhou.aliyuncs.com/music/image/10ksd.jpg', 'https://sample2003.oss-cn-guangzhou.aliyuncs.com/music/lyric/%E8%B7%A8%E6%97%B6%E4%BB%A3-%E5%91%A8%E6%9D%B0%E4%BC%A6.txt', '流行', '[\"流行\"]', 0, 0, '2010-05-18 00:00:00', '2024-12-11 10:57:54', '2024-12-11 10:57:54');
INSERT INTO `song` VALUES (91, 1, 10, '说了再见', NULL, 280, 'https://sample2003.oss-cn-guangzhou.aliyuncs.com/music/song/%E8%AF%B4%E4%BA%86%E5%87%A6%E8%BF%9E-%E5%91%A8%E6%9D%B0%E4%BC%A6.mp3', 'https://sample2003.oss-cn-guangzhou.aliyuncs.com/music/song/%E8%AF%B4%E4%BA%86%E5%87%A6%E8%BF%9E-%E5%91%A8%E6%9D%B0%E4%BC%A6.flac', 'https://sample2003.oss-cn-guangzhou.aliyuncs.com/music/image/10ksd.jpg', 'https://sample2003.oss-cn-guangzhou.aliyuncs.com/music/lyric/%E8%AF%B4%E4%BA%86%E5%87%A6%E8%BF%9E-%E5%91%A8%E6%9D%B0%E4%BC%A6.txt', '流行', '[\"流行\"]', 0, 0, '2010-05-18 00:00:00', '2024-12-11 10:57:54', '2024-12-11 10:57:54');
INSERT INTO `song` VALUES (92, 1, 10, '烟花易冷', NULL, 280, 'https://sample2003.oss-cn-guangzhou.aliyuncs.com/music/song/%E7%83%9F%E8%8A%B1%E6%98%93%E5%86%B7-%E5%91%A8%E6%9D%B0%E4%BC%A6.mp3', 'https://sample2003.oss-cn-guangzhou.aliyuncs.com/music/song/%E7%83%9F%E8%8A%B1%E6%98%93%E5%86%B7-%E5%91%A8%E6%9D%B0%E4%BC%A6.flac', 'https://sample2003.oss-cn-guangzhou.aliyuncs.com/music/image/10ksd.jpg', 'https://sample2003.oss-cn-guangzhou.aliyuncs.com/music/lyric/%E7%83%9F%E8%8A%B1%E6%98%93%E5%86%B7-%E5%91%A8%E6%9D%B0%E4%BC%A6.txt', '中国风', '[\"流行\", \"中国风\"]', 0, 0, '2010-05-18 00:00:00', '2024-12-11 10:57:54', '2024-12-11 10:57:54');
INSERT INTO `song` VALUES (93, 1, 10, '免费教学录影带', NULL, 280, 'https://sample2003.oss-cn-guangzhou.aliyuncs.com/music/song/%E5%85%8D%E8%B4%B9%E6%95%99%E5%AD%A6%E5%BD%95%E5%BD%B1%E5%B8%A6-%E5%91%A8%E6%9D%B0%E4%BC%A6.mp3', 'https://sample2003.oss-cn-guangzhou.aliyuncs.com/music/song/%E5%85%8D%E8%B4%B9%E6%95%99%E5%AD%A6%E5%BD%95%E5%BD%B1%E5%B8%A6-%E5%91%A8%E6%9D%B0%E4%BC%A6.flac', 'https://sample2003.oss-cn-guangzhou.aliyuncs.com/music/image/10ksd.jpg', 'https://sample2003.oss-cn-guangzhou.aliyuncs.com/music/lyric/%E5%85%8D%E8%B4%B9%E6%95%99%E5%AD%A6%E5%BD%95%E5%BD%B1%E5%B8%A6-%E5%91%A8%E6%9D%B0%E4%BC%A6.txt', '流行', '[\"流行\"]', 0, 0, '2010-05-18 00:00:00', '2024-12-11 10:57:54', '2024-12-11 10:57:54');
INSERT INTO `song` VALUES (94, 1, 10, '好久不见', NULL, 280, 'https://sample2003.oss-cn-guangzhou.aliyuncs.com/music/song/%E5%A5%BD%E4%B9%8%E4%B8%8D%E8%A7%81-%E5%91%A8%E6%9D%B0%E4%BC%A6.mp3', 'https://sample2003.oss-cn-guangzhou.aliyuncs.com/music/song/%E5%A5%BD%E4%B9%8%E4%B8%8D%E8%A7%81-%E5%91%A8%E6%9D%B0%E4%BC%A6.flac', 'https://sample2003.oss-cn-guangzhou.aliyuncs.com/music/image/10ksd.jpg', 'https://sample2003.oss-cn-guangzhou.aliyuncs.com/music/lyric/%E5%A5%BD%E4%B9%8%E4%B8%8D%E8%A7%81-%E5%91%A8%E6%9D%B0%E4%BC%A6.txt', '流行', '[\"流行\"]', 0, 0, '2010-05-18 00:00:00', '2024-12-11 10:57:54', '2024-12-11 10:57:54');
INSERT INTO `song` VALUES (95, 1, 10, '雨下一整晚', NULL, 280, 'https://sample2003.oss-cn-guangzhou.aliyuncs.com/music/song/%E9%9B%A4%E4%B8%80%E6%95%B4%E6%99%9A-%E5%91%A8%E6%9D%B0%E4%BC%A6.mp3', 'https://sample2003.oss-cn-guangzhou.aliyuncs.com/music/song/%E9%9B%A4%E4%B8%80%E6%95%B4%E6%99%9A-%E5%91%A8%E6%9D%B0%E4%BC%A6.flac', 'https://sample2003.oss-cn-guangzhou.aliyuncs.com/music/image/10ksd.jpg', 'https://sample2003.oss-cn-guangzhou.aliyuncs.com/music/lyric/%E9%9B%A4%E4%B8%80%E6%95%B4%E6%99%9A-%E5%91%A8%E6%9D%B0%E4%BC%A6.txt', '中国风', '[\"流行\", \"中国风\"]', 0, 0, '2010-05-18 00:00:00', '2024-12-11 10:57:54', '2024-12-11 10:57:54');
INSERT INTO `song` VALUES (96, 1, 10, '嘻哈空姐', NULL, 280, 'https://sample2003.oss-cn-guangzhou.aliyuncs.com/music/song/%E5%93%91%E5%93%88%E7%A9%BA%E5%A7%84-%E5%91%A8%E6%9D%B0%E4%BC%A6.mp3', 'https://sample2003.oss-cn-guangzhou.aliyuncs.com/music/song/%E5%93%91%E5%93%88%E7%A9%BA%E5%A7%84-%E5%91%A8%E6%9D%B0%E4%BC%A6.flac', 'https://sample2003.oss-cn-guangzhou.aliyuncs.com/music/image/10ksd.jpg', 'https://sample2003.oss-cn-guangzhou.aliyuncs.com/music/lyric/%E5%93%91%E5%93%88%E7%A9%BA%E5%A7%84-%E5%91%A8%E6%9D%B0%E4%BC%A6.txt', '流行', '[\"流行\"]', 0, 0, '2010-05-18 00:00:00', '2024-12-11 10:57:54', '2024-12-11 10:57:54');
INSERT INTO `song` VALUES (97, 1, 10, '我落泪·情绪零碎', NULL, 280, 'https://sample2003.oss-cn-guangzhou.aliyuncs.com/music/song/%E6%88%91%E8%90%E6%B3%AA%E9%9B%B7%E6%83%85%E7%B4%AF%E9%9B%B6%E7%A2%8E-%E5%91%A8%E6%9D%B0%E4%BC%A6.mp3', 'https://sample2003.oss-cn-guangzhou.aliyuncs.com/music/song/%E6%88%91%E8%90%E6%B3%AA%E9%9B%B7%E6%83%85%E7%B4%AF%E9%9B%B6%E7%A2%8E-%E5%91%A8%E6%9D%B0%E4%BC%A6.flac', 'https://sample2003.oss-cn-guangzhou.aliyuncs.com/music/image/10ksd.jpg', 'https://sample2003.oss-cn-guangzhou.aliyuncs.com/music/lyric/%E6%88%91%E8%90%E6%B3%AA%E9%9B%B7%E6%83%85%E7%B4%AF%E9%9B%B6%E7%A2%8E-%E5%91%A8%E6%9D%B0%E4%BC%A6.txt', '流行', '[\"流行\"]', 0, 0, '2010-05-18 00:00:00', '2024-12-11 10:57:54', '2024-12-11 10:57:54');
INSERT INTO `song` VALUES (98, 1, 10, '爱的飞行日记', '[\"杨瑞代\"]', 280, 'https://sample2003.oss-cn-guangzhou.aliyuncs.com/music/song/%E7%88%B1%E7%9A%84%E9%A3%9E%E8%A1%8C%E6%97%A5%E8%AE%B0-%E5%91%A8%E6%9D%B0%E4%BC%A6%26%E6%9D%A8%E7%91%9E%E4%BB%A3.mp3', 'https://sample2003.oss-cn-guangzhou.aliyuncs.com/music/song/%E7%88%B1%E7%9A%84%E9%A3%9E%E8%A1%8C%E6%97%A5%E8%AE%B0-%E5%91%A8%E6%9D%B0%E4%BC%A6%26%E6%9D%A8%E7%91%9E%E4%BB%A3.flac', 'https://sample2003.oss-cn-guangzhou.aliyuncs.com/music/image/10ksd.jpg', 'https://sample2003.oss-cn-guangzhou.aliyuncs.com/music/lyric/%E7%88%B1%E7%9A%84%E9%A3%9E%E8%A1%8C%E6%97%A5%E8%AE%B0-%E5%91%A8%E6%9D%B0%E4%BC%A6%26%E6%9D%A8%E7%91%9E%E4%BB%A3.txt', '流行', '[\"流行\"]', 0, 0, '2010-05-18 00:00:00', '2024-12-11 10:57:54', '2024-12-11 10:57:54');
INSERT INTO `song` VALUES (99, 1, 10, '超人不会飞', NULL, 280, 'https://sample2003.oss-cn-guangzhou.aliyuncs.com/music/song/%E8%B6%85%E4%BA%BA%E4%B8%8D%E4%BC%9A%E9%A3%9E-%E5%91%A8%E6%9D%B0%E4%BC%A6.mp3', 'https://sample2003.oss-cn-guangzhou.aliyuncs.com/music/song/%E8%B6%85%E4%BA%BA%E4%B8%8D%E4%BC%9A%E9%A3%9E-%E5%91%A8%E6%9D%B0%E4%BC%A6.flac', 'https://sample2003.oss-cn-guangzhou.aliyuncs.com/music/image/10ksd.jpg', 'https://sample2003.oss-cn-guangzhou.aliyuncs.com/music/lyric/%E8%B6%85%E4%BA%BA%E4%B8%8D%E4%BC%9A%E9%A3%9E-%E5%91%A8%E6%9D%B0%E4%BC%A6.txt', '流行', '[\"流行\"]', 0, 0, '2010-05-18 00:00:00', '2024-12-11 10:57:54', '2024-12-11 10:57:54');
INSERT INTO `song` VALUES (100, 1, 11, '惊叹号', NULL, 280, 'https://sample2003.oss-cn-guangzhou.aliyuncs.com/music/song/%E6%83%8A%E5%8F%9B%E5%8F%B7-%E5%91%A8%E6%9D%B0%E4%BC%A6.mp3', 'https://sample2003.oss-cn-guangzhou.aliyuncs.com/music/song/%E6%83%8A%E5%8F%9B%E5%8F%B7-%E5%91%A8%E6%9D%B0%E4%BC%A6.flac', 'https://sample2003.oss-cn-guangzhou.aliyuncs.com/music/image/11jth.jpg', 'https://sample2003.oss-cn-guangzhou.aliyuncs.com/music/lyric/%E6%83%8A%E5%8F%9B%E5%8F%B7-%E5%91%A8%E6%9D%B0%E4%BC%A6.txt', '流行', '[\"流行\"]', 0, 0, '2011-11-11 00:00:00', '2024-12-11 10:57:54', '2024-12-11 10:57:54');
INSERT INTO `song` VALUES (101, 1, 11, 'Mine Mine', NULL, 280, 'https://sample2003.oss-cn-guangzhou.aliyuncs.com/music/song/Mine%20Mine-%E5%91%A8%E6%9D%B0%E4%BC%A6.mp3', 'https://sample2003.oss-cn-guangzhou.aliyuncs.com/music/song/Mine%20Mine-%E5%91%A8%E6%9D%B0%E4%BC%A6.flac', 'https://sample2003.oss-cn-guangzhou.aliyuncs.com/music/image/11jth.jpg', 'https://sample2003.oss-cn-guangzhou.aliyuncs.com/music/lyric/Mine%20Mine-%E5%91%A8%E6%9D%B0%E4%BC%A6.txt', '流行', '[\"流行\"]', 0, 0, '2011-11-11 00:00:00', '2024-12-11 10:57:54', '2024-12-11 10:57:54');
INSERT INTO `song` VALUES (102, 1, 11, '你好吗', NULL, 280, 'https://sample2003.oss-cn-guangzhou.aliyuncs.com/music/song/%E4%BD%A0%E5%A5%BD%E5%90%97-%E5%91%A8%E6%9D%B0%E4%BC%A6.mp3', 'https://sample2003.oss-cn-guangzhou.aliyuncs.com/music/song/%E4%BD%A0%E5%A5%BD%E5%90%97-%E5%91%A8%E6%9D%B0%E4%BC%A6.flac', 'https://sample2003.oss-cn-guangzhou.aliyuncs.com/music/image/11jth.jpg', 'https://sample2003.oss-cn-guangzhou.aliyuncs.com/music/lyric/%E4%BD%A0%E5%A5%BD%E5%90%97-%E5%91%A8%E6%9D%B0%E4%BC%A6.txt', '流行', '[\"流行\"]', 0, 0, '2011-11-11 00:00:00', '2024-12-11 10:57:54', '2024-12-11 10:57:54');
INSERT INTO `song` VALUES (103, 1, 11, '疗伤烧肉粽', NULL, 280, 'https://sample2003.oss-cn-guangzhou.aliyuncs.com/music/song/%E7%96%97%E5%82%B7%E7%83%A7%E8%82%89%E7%B2%BD-%E5%91%A8%E6%9D%B0%E4%BC%A6.mp3', 'https://sample2003.oss-cn-guangzhou.aliyuncs.com/music/song/%E7%96%97%E5%82%B7%E7%83%A7%E8%82%89%E7%B2%BD-%E5%91%A8%E6%9D%B0%E4%BC%A6.flac', 'https://sample2003.oss-cn-guangzhou.aliyuncs.com/music/image/11jth.jpg', 'https://sample2003.oss-cn-guangzhou.aliyuncs.com/music/lyric/%E7%96%97%E5%82%B7%E7%83%A7%E8%82%89%E7%B2%BD-%E5%91%A8%E6%9D%B0%E4%BC%A6.txt', '流行', '[\"流行\"]', 0, 0, '2011-11-11 00:00:00', '2024-12-11 10:57:54', '2024-12-11 10:57:54');
INSERT INTO `song` VALUES (104, 1, 11, '琴伤', NULL, 280, 'https://sample2003.oss-cn-guangzhou.aliyuncs.com/music/song/%E7%90%B4%E4%BC%A4-%E5%91%A8%E6%9D%B0%E4%BC%A6.mp3', 'https://sample2003.oss-cn-guangzhou.aliyuncs.com/music/song/%E7%90%B4%E4%BC%A4-%E5%91%A8%E6%9D%B0%E4%BC%A6.flac', 'https://sample2003.oss-cn-guangzhou.aliyuncs.com/music/image/11jth.jpg', 'https://sample2003.oss-cn-guangzhou.aliyuncs.com/music/lyric/%E7%90%B4%E4%BC%A4-%E5%91%A8%E6%9D%B0%E4%BC%A6.txt', '流行', '[\"流行\"]', 0, 0, '2011-11-11 00:00:00', '2024-12-11 10:57:54', '2024-12-11 10:57:54');
INSERT INTO `song` VALUES (105, 1, 11, '水手怕水', NULL, 280, 'https://sample2003.oss-cn-guangzhou.aliyuncs.com/music/song/%E6%B0%B4%E6%89%8B%E5%95%8A%E6%B0%B4-%E5%91%A8%E6%9D%B0%E4%BC%A6.mp3', 'https://sample2003.oss-cn-guangzhou.aliyuncs.com/music/song/%E6%B0%B4%E6%89%8B%E5%95%8A%E6%B0%B4-%E5%91%A8%E6%9D%B0%E4%BC%A6.flac', 'https://sample2003.oss-cn-guangzhou.aliyuncs.com/music/image/11jth.jpg', 'https://sample2003.oss-cn-guangzhou.aliyuncs.com/music/lyric/%E6%B0%B4%E6%89%8B%E5%95%8A%E6%B0%B4-%E5%91%A8%E6%9D%B0%E4%BC%A6.txt', '流行', '[\"流行\"]', 0, 0, '2011-11-11 00:00:00', '2024-12-11 10:57:54', '2024-12-11 10:57:54');
INSERT INTO `song` VALUES (106, 1, 11, '世界未末日', NULL, 280, 'https://sample2003.oss-cn-guangzhou.aliyuncs.com/music/song/%E4%B8%96%E7%95%8C%E6%9C%AA%E6%9C%AB%E6%97%A5-%E5%91%A8%E6%9D%B0%E4%BC%A6.mp3', 'https://sample2003.oss-cn-guangzhou.aliyuncs.com/music/song/%E4%B8%96%E7%95%8C%E6%9C%AA%E6%9C%AB%E6%97%A5-%E5%91%A8%E6%9D%B0%E4%BC%A6.flac', 'https://sample2003.oss-cn-guangzhou.aliyuncs.com/music/image/11jth.jpg', 'https://sample2003.oss-cn-guangzhou.aliyuncs.com/music/lyric/%E4%B8%96%E7%95%8C%E6%9C%AA%E6%9C%AB%E6%97%A5-%E5%91%A8%E6%9D%B0%E4%BC%A6.txt', '流行', '[\"流行\"]', 0, 0, '2011-11-11 00:00:00', '2024-12-11 10:57:54', '2024-12-11 10:57:54');
INSERT INTO `song` VALUES (107, 1, 11, '皮影戏', NULL, 280, 'https://sample2003.oss-cn-guangzhou.aliyuncs.com/music/song/%E7%9A%AE%E5%BD%B1%E6%88%8F-%E5%91%A8%E6%9D%B0%E4%BC%A6.mp3', 'https://sample2003.oss-cn-guangzhou.aliyuncs.com/music/song/%E7%9A%AE%E5%BD%B1%E6%88%8F-%E5%91%A8%E6%9D%B0%E4%BC%A6.flac', 'https://sample2003.oss-cn-guangzhou.aliyuncs.com/music/image/11jth.jpg', 'https://sample2003.oss-cn-guangzhou.aliyuncs.com/music/lyric/%E7%9A%AE%E5%BD%B1%E6%88%8F-%E5%91%A8%E6%9D%B0%E4%BC%A6.txt', '流行', '[\"流行\"]', 0, 0, '2011-11-11 00:00:00', '2024-12-11 10:57:54', '2024-12-11 10:57:54');
INSERT INTO `song` VALUES (108, 1, 11, '超跑女神', NULL, 280, 'https://sample2003.oss-cn-guangzhou.aliyuncs.com/music/song/%E8%B6%85%E6%8B%9B%E5%A5%B3%E7%A5%9E-%E5%91%A8%E6%9D%B0%E4%BC%A6.mp3', 'https://sample2003.oss-cn-guangzhou.aliyuncs.com/music/song/%E8%B6%85%E6%8B%9B%E5%A5%B3%E7%A5%9E-%E5%91%A8%E6%9D%B0%E4%BC%A6.flac', 'https://sample2003.oss-cn-guangzhou.aliyuncs.com/music/image/11jth.jpg', 'https://sample2003.oss-cn-guangzhou.aliyuncs.com/music/lyric/%E8%B6%85%E6%8B%9B%E5%A5%B3%E7%A5%9E-%E5%91%A8%E6%9D%B0%E4%BC%A6.txt', '流行', '[\"流行\"]', 0, 0, '2011-11-11 00:00:00', '2024-12-11 10:57:54', '2024-12-11 10:57:54');
INSERT INTO `song` VALUES (109, 1, 11, '手语', NULL, 280, 'https://sample2003.oss-cn-guangzhou.aliyuncs.com/music/song/%E6%89%8B%E8%AF%AD-%E5%91%A8%E6%9D%B0%E4%BC%A6.mp3', 'https://sample2003.oss-cn-guangzhou.aliyuncs.com/music/song/%E6%89%8B%E8%AF%AD-%E5%91%A8%E6%9D%B0%E4%BC%A6.flac', 'https://sample2003.oss-cn-guangzhou.aliyuncs.com/music/image/11jth.jpg', 'https://sample2003.oss-cn-guangzhou.aliyuncs.com/music/lyric/%E6%89%8B%E8%AF%AD-%E5%91%A8%E6%9D%B0%E4%BC%A6.txt', '流行', '[\"流行\"]', 0, 0, '2011-11-11 00:00:00', '2024-12-11 10:57:54', '2024-12-11 10:57:54');
INSERT INTO `song` VALUES (110, 1, 12, '四季列车', NULL, 280, 'https://sample2003.oss-cn-guangzhou.aliyuncs.com/music/song/%E5%9B%9B%E5%AD%A3%E8%BD%A6%E7%89%B9-%E5%91%A8%E6%9D%B0%E4%BC%A6.mp3', 'https://sample2003.oss-cn-guangzhou.aliyuncs.com/music/song/%E5%9B%9B%E5%AD%A3%E8%BD%A6%E7%89%B9-%E5%91%A8%E6%9D%B0%E4%BC%A6.flac', 'https://sample2003.oss-cn-guangzhou.aliyuncs.com/music/image/12sexz.jpg', 'https://sample2003.oss-cn-guangzhou.aliyuncs.com/music/lyric/%E5%9B%9B%E5%AD%A3%E8%BD%A6%E7%89%B9-%E5%91%A8%E6%9D%B0%E4%BC%A6.txt', '流行', '[\"流行\"]', 0, 0, '2012-12-28 00:00:00', '2024-12-11 10:57:54', '2024-12-11 10:57:54');
INSERT INTO `song` VALUES (111, 1, 12, '手语', NULL, 280, 'https://sample2003.oss-cn-guangzhou.aliyuncs.com/music/song/%E6%89%8B%E8%AF%AD-%E5%91%A8%E6%9D%B0%E4%BC%A6.mp3', 'https://sample2003.oss-cn-guangzhou.aliyuncs.com/music/song/%E6%89%8B%E8%AF%AD-%E5%91%A8%E6%9D%B0%E4%BC%A6.flac', 'https://sample2003.oss-cn-guangzhou.aliyuncs.com/music/image/12sexz.jpg', 'https://sample2003.oss-cn-guangzhou.aliyuncs.com/music/lyric/%E6%89%8B%E8%AF%AD-%E5%91%A8%E6%9D%B0%E4%BC%A6.txt', '流行', '[\"流行\"]', 0, 0, '2012-12-28 00:00:00', '2024-12-11 10:57:54', '2024-12-11 10:57:54');
INSERT INTO `song` VALUES (112, 1, 12, '公公偏头痛', NULL, 280, 'https://sample2003.oss-cn-guangzhou.aliyuncs.com/music/song/%E5%85%AC%E5%85%AC%E5%81%8F%E5%A4%B4%E7%97%9B-%E5%91%A8%E6%9D%B0%E4%BC%A6.mp3', 'https://sample2003.oss-cn-guangzhou.aliyuncs.com/music/song/%E5%85%AC%E5%85%AC%E5%81%8F%E5%A4%B4%E7%97%9B-%E5%91%A8%E6%9D%B0%E4%BC%A6.flac', 'https://sample2003.oss-cn-guangzhou.aliyuncs.com/music/image/12sexz.jpg', 'https://sample2003.oss-cn-guangzhou.aliyuncs.com/music/lyric/%E5%85%AC%E5%85%AC%E5%81%8F%E5%A4%B4%E7%97%9B-%E5%91%A8%E6%9D%B0%E4%BC%A6.txt', '流行', '[\"流行\"]', 0, 0, '2012-12-28 00:00:00', '2024-12-11 10:57:54', '2024-12-11 10:57:54');
INSERT INTO `song` VALUES (113, 1, 12, '明明就', NULL, 280, 'https://sample2003.oss-cn-guangzhou.aliyuncs.com/music/song/%E6%98%8E%E6%98%8E%E5%B0%B1-%E5%91%A8%E6%9D%B0%E4%BC%A6.mp3', 'https://sample2003.oss-cn-guangzhou.aliyuncs.com/music/song/%E6%98%8A%E6%98%8A%E5%B0%B1-%E5%91%A8%E6%9D%B0%E4%BC%A6.flac', 'https://sample2003.oss-cn-guangzhou.aliyuncs.com/music/image/12sexz.jpg', 'https://sample2003.oss-cn-guangzhou.aliyuncs.com/music/lyric/%E6%98%8A%E6%98%8A%E5%B0%B1-%E5%91%A8%E6%9D%B0%E4%BC%A6.txt', '流行', '[\"流行\"]', 0, 0, '2012-12-28 00:00:00', '2024-12-11 10:57:54', '2024-12-11 10:57:54');
INSERT INTO `song` VALUES (114, 1, 12, '傻笑', '[\"袁咏琳\"]', 280, 'https://sample2003.oss-cn-guangzhou.aliyuncs.com/music/song/%E5%82%BB%E7%AC%91-%E5%91%A8%E6%9D%B0%E4%BC%A6%26%E8%A2%81%E5%92%8F%E7%90%B3.mp3', 'https://sample2003.oss-cn-guangzhou.aliyuncs.com/music/song/%E5%82%BB%E7%AC%91-%E5%91%A8%E6%9D%B0%E4%BC%A6%26%E8%A2%81%E5%92%8F%E7%90%B3.flac', 'https://sample2003.oss-cn-guangzhou.aliyuncs.com/music/image/12sexz.jpg', 'https://sample2003.oss-cn-guangzhou.aliyuncs.com/music/lyric/%E5%82%BB%E7%AC%91-%E5%91%A8%E6%9D%B0%E4%BC%A6%26%E8%A2%81%E5%92%8F%E7%90%B3.txt', '流行', '[\"流行\"]', 0, 0, '2012-12-28 00:00:00', '2024-12-11 10:57:54', '2024-12-11 10:57:54');
INSERT INTO `song` VALUES (115, 1, 12, '比较大的大提琴', '[\"梁心颐\", \"杨瑞代\"]', 280, 'https://sample2003.oss-cn-guangzhou.aliyuncs.com/music/song/%E6%AF%94%E8%BE%83%E5%A4%A7%E7%9A%84%E5%A4%A7%E6%8F%90%E7%90%B4-%E5%91%A8%E6%9D%B0%E4%BC%A6%26Lara%E6%A2%81%E5%BF%83%E9%A2%90%26%E6%9D%A8%E7%91%9E%E4%BB%A3.mp3', 'https://sample2003.oss-cn-guangzhou.aliyuncs.com/music/song/%E6%AF%94%E8%BE%83%E5%A4%A7%E7%9A%84%E5%A4%A7%E6%8F%90%E7%90%B4-%E5%91%A8%E6%9D%B0%E4%BC%A6%26Lara%E6%A2%81%E5%BF%83%E9%A2%90%26%E6%9D%A8%E7%91%9E%E4%BB%A3.flac', 'https://sample2003.oss-cn-guangzhou.aliyuncs.com/music/image/12sexz.jpg', 'https://sample2003.oss-cn-guangzhou.aliyuncs.com/music/lyric/%E6%AF%94%E8%BE%83%E5%A4%A7%E7%9A%84%E5%A4%A7%E6%8F%90%E7%90%B4-%E5%91%A8%E6%9D%B0%E4%BC%A6%26Lara%E6%A2%81%E5%BF%83%E9%A2%90%26%E6%9D%A8%E7%91%9E%E4%BB%A3.txt', '流行', '[\"流行\"]', 0, 0, '2012-12-28 00:00:00', '2024-12-11 10:57:54', '2024-12-11 10:57:54');
INSERT INTO `song` VALUES (116, 1, 12, '爱你没差', NULL, 280, 'https://sample2003.oss-cn-guangzhou.aliyuncs.com/music/song/%E7%88%B1%E4%BD%A0%E6%B2%A1%E5%B7%AE-%E5%91%A8%E6%9D%B0%E4%BC%A6.mp3', 'https://sample2003.oss-cn-guangzhou.aliyuncs.com/music/song/%E7%88%B1%E4%BD%A0%E6%B2%A1%E5%B7%AE-%E5%91%A8%E6%9D%B0%E4%BC%A6.flac', 'https://sample2003.oss-cn-guangzhou.aliyuncs.com/music/image/12sexz.jpg', 'https://sample2003.oss-cn-guangzhou.aliyuncs.com/music/lyric/%E7%88%B1%E4%BD%A0%E6%B2%A1%E5%B7%AE-%E5%91%A8%E6%9D%B0%E4%BC%A6.txt', '流行', '[\"流行\"]', 0, 0, '2012-12-28 00:00:00', '2024-12-11 10:57:54', '2024-12-11 10:57:54');
INSERT INTO `song` VALUES (117, 1, 12, '红尘客栈', NULL, 280, 'https://sample2003.oss-cn-guangzhou.aliyuncs.com/music/song/%E7%BA%A2%E5%B0%98%E5%AE%A2%E6%B1%89-%E5%91%A8%E6%9D%B0%E4%BC%A6.mp3', 'https://sample2003.oss-cn-guangzhou.aliyuncs.com/music/song/%E7%BA%A2%E5%B0%98%E5%AE%A2%E6%B1%89-%E5%91%A8%E6%9D%B0%E4%BC%A6.flac', 'https://sample2003.oss-cn-guangzhou.aliyuncs.com/music/image/12sexz.jpg', 'https://sample2003.oss-cn-guangzhou.aliyuncs.com/music/lyric/%E7%BA%A2%E5%B0%98%E5%AE%A2%E6%B1%89-%E5%91%A8%E6%9D%B0%E4%BC%A6.txt', '中国风', '[\"流行\", \"中国风\"]', 0, 0, '2012-12-28 00:00:00', '2024-12-11 10:57:54', '2024-12-11 10:57:54');
INSERT INTO `song` VALUES (118, 1, 12, '梦想启动', NULL, 280, 'https://sample2003.oss-cn-guangzhou.aliyuncs.com/music/song/%E6%A2%A6%E6%83%B3%E5%90%AF%E5%8A%A8-%E5%91%A8%E6%9D%B0%E4%BC%A6.mp3', 'https://sample2003.oss-cn-guangzhou.aliyuncs.com/music/song/%E6%A2%A6%E6%83%B3%E5%90%AF%E5%8A%A8-%E5%91%A8%E6%9D%B0%E4%BC%A6.flac', 'https://sample2003.oss-cn-guangzhou.aliyuncs.com/music/image/12sexz.jpg', 'https://sample2003.oss-cn-guangzhou.aliyuncs.com/music/lyric/%E6%A2%A6%E6%83%B3%E5%90%AF%E5%8A%A8-%E5%91%A8%E6%9D%B0%E4%BC%A6.txt', '流行', '[\"流行\"]', 0, 0, '2012-12-28 00:00:00', '2024-12-11 10:57:54', '2024-12-11 10:57:54');
INSERT INTO `song` VALUES (119, 1, 12, '大笨钟', NULL, 280, 'https://sample2003.oss-cn-guangzhou.aliyuncs.com/music/song/%E5%A4%A7%E7%AC%A8%E9%92%9F-%E5%91%A8%E6%9D%B0%E4%BC%A6.mp3', 'https://sample2003.oss-cn-guangzhou.aliyuncs.com/music/song/%E5%A4%A7%E7%AC%A8%E9%92%9F-%E5%91%A8%E6%9D%B0%E4%BC%A6.flac', 'https://sample2003.oss-cn-guangzhou.aliyuncs.com/music/image/12sexz.jpg', 'https://sample2003.oss-cn-guangzhou.aliyuncs.com/music/lyric/%E5%A4%A7%E7%AC%A8%E9%92%9F-%E5%91%A8%E6%9D%B0%E4%BC%A6.txt', '流行', '[\"流行\"]', 0, 0, '2012-12-28 00:00:00', '2024-12-11 10:57:54', '2024-12-11 10:57:54');
INSERT INTO `song` VALUES (120, 1, 12, '哪里都是你', NULL, 280, 'https://sample2003.oss-cn-guangzhou.aliyuncs.com/music/song/%E5%93%AA%E9%87%8C%E9%83%BD%E6%98%AF%E4%BD%A0-%E5%91%A8%E6%9D%B0%E4%BC%A6.mp3', 'https://sample2003.oss-cn-guangzhou.aliyuncs.com/music/song/%E5%93%AA%E9%87%8C%E9%83%BD%E6%98%AF%E4%BD%A0-%E5%91%A8%E6%9D%B0%E4%BC%A6.flac', 'https://sample2003.oss-cn-guangzhou.aliyuncs.com/music/image/12sexz.jpg', 'https://sample2003.oss-cn-guangzhou.aliyuncs.com/music/lyric/%E5%93%AA%E9%87%8C%E9%83%BD%E6%98%AF%E4%BD%A0-%E5%91%A8%E6%9D%B0%E4%BC%A6.txt', '流行', '[\"流行\"]', 0, 0, '2012-12-28 00:00:00', '2024-12-11 10:57:54', '2024-12-11 10:57:54');
INSERT INTO `song` VALUES (121, 1, 13, '阳明山', NULL, 280, 'https://sample2003.oss-cn-guangzhou.aliyuncs.com/music/song/%E6%98%89%E6%98%8E%E5%B1%B1-%E5%91%A8%E6%9D%B0%E4%BC%A6.mp3', 'https://sample2003.oss-cn-guangzhou.aliyuncs.com/music/song/%E6%98%89%E6%98%8E%E5%B1%B1-%E5%91%A8%E6%9D%B0%E4%BC%A6.flac', 'https://sample2003.oss-cn-guangzhou.aliyuncs.com/music/image/13aybco.jpg', 'https://sample2003.oss-cn-guangzhou.aliyuncs.com/music/lyric/%E6%98%89%E6%98%8E%E5%B1%B1-%E5%91%A8%E6%9D%B0%E4%BC%A6.txt', '流行', '[\"流行\"]', 0, 0, '2014-12-25 00:00:00', '2024-12-11 10:57:54', '2024-12-11 10:57:54');
INSERT INTO `song` VALUES (122, 1, 13, '窃爱', NULL, 280, 'https://sample2003.oss-cn-guangzhou.aliyuncs.com/music/song/%E7%AA%83%E7%88%B1-%E5%91%A8%E6%9D%B0%E4%BC%A6.mp3', 'https://sample2003.oss-cn-guangzhou.aliyuncs.com/music/song/%E7%AA%83%E7%88%B1-%E5%91%A8%E6%9D%B0%E4%BC%A6.flac', 'https://sample2003.oss-cn-guangzhou.aliyuncs.com/music/image/13aybco.jpg', 'https://sample2003.oss-cn-guangzhou.aliyuncs.com/music/lyric/%E7%AA%83%E7%88%B1-%E5%91%A8%E6%9D%B0%E4%BC%A6.txt', '流行', '[\"流行\"]', 0, 0, '2014-12-25 00:00:00', '2024-12-11 10:57:54', '2024-12-11 10:57:54');
INSERT INTO `song` VALUES (123, 1, 13, '算什么男人', NULL, 280, 'https://sample2003.oss-cn-guangzhou.aliyuncs.com/music/song/%E7%AE%97%E4%BB%80%E4%B8%BA%E7%94%B7%E4%BA%BA-%E5%91%A8%E6%9D%B0%E4%BC%A6.mp3', 'https://sample2003.oss-cn-guangzhou.aliyuncs.com/music/song/%E7%AE%97%E4%BB%80%E4%B8%BA%E7%94%B7%E4%BA%BA-%E5%91%A8%E6%9D%B0%E4%BC%A6.flac', 'https://sample2003.oss-cn-guangzhou.aliyuncs.com/music/image/13aybco.jpg', 'https://sample2003.oss-cn-guangzhou.aliyuncs.com/music/lyric/%E7%AE%97%E4%BB%80%E4%B8%BA%E7%94%B7%E4%BA%BA-%E5%91%A8%E6%9D%B0%E4%BC%A6.txt', '流行', '[\"流行\"]', 0, 0, '2014-12-25 00:00:00', '2024-12-11 10:57:54', '2024-12-11 10:57:54');
INSERT INTO `song` VALUES (124, 1, 13, '天涯过客', NULL, 280, 'https://sample2003.oss-cn-guangzhou.aliyuncs.com/music/song/%E5%A4%A9%E6%B6%E8%BF%87%E5%AE%A2-%E5%91%A8%E6%9D%B0%E4%BC%A6.mp3', 'https://sample2003.oss-cn-guangzhou.aliyuncs.com/music/song/%E5%A4%A9%E6%B6%E8%BF%87%E5%AE%A2-%E5%91%A8%E6%9D%B0%E4%BC%A6.flac', 'https://sample2003.oss-cn-guangzhou.aliyuncs.com/music/image/13aybco.jpg', 'https://sample2003.oss-cn-guangzhou.aliyuncs.com/music/lyric/%E5%A4%A9%E6%B6%E8%BF%87%E5%AE%A2-%E5%91%A8%E6%9D%B0%E4%BC%A6.txt', '中国风', '[\"流行\", \"中国风\"]', 0, 0, '2014-12-25 00:00:00', '2024-12-11 10:57:54', '2024-12-11 10:57:54');
INSERT INTO `song` VALUES (125, 1, 13, '怎么了', '[\"袁咏琳\"]', 280, 'https://sample2003.oss-cn-guangzhou.aliyuncs.com/music/song/%E6%80%8E%E4%B9%88%E4%BA%86-%E5%91%A8%E6%9D%B0%E4%BC%A6%26%E8%A2%81%E5%92%8F%E7%90%B3.mp3', 'https://sample2003.oss-cn-guangzhou.aliyuncs.com/music/song/%E6%80%8E%E4%B9%88%E4%BA%86-%E5%91%A8%E6%9D%B0%E4%BC%A6%26%E8%A2%81%E5%92%8F%E7%90%B3.flac', 'https://sample2003.oss-cn-guangzhou.aliyuncs.com/music/image/13aybco.jpg', 'https://sample2003.oss-cn-guangzhou.aliyuncs.com/music/lyric/%E6%80%8E%E4%B9%88%E4%BA%86-%E5%91%A8%E6%9D%B0%E4%BC%A6%26%E8%A2%81%E5%92%8F%E7%90%B3.txt', '流行', '[\"流行\"]', 0, 0, '2014-12-25 00:00:00', '2024-12-11 10:57:54', '2024-12-11 10:57:54');
INSERT INTO `song` VALUES (126, 1, 13, '一口气全念对', NULL, 280, 'https://sample2003.oss-cn-guangzhou.aliyuncs.com/music/song/%E4%B8%80%E5%8F%A3%E6%B0%94%E5%85%A8%E5%BF%B5%E5%AF%B9-%E5%91%A8%E6%9D%B0%E4%BC%A6.mp3', 'https://sample2003.oss-cn-guangzhou.aliyuncs.com/music/song/%E4%B8%80%E5%8F%A3%E6%B0%94%E5%85%A8%E5%BF%B5%E5%AF%B9-%E5%91%A8%E6%9D%B0%E4%BC%A6.flac', 'https://sample2003.oss-cn-guangzhou.aliyuncs.com/music/image/13aybco.jpg', 'https://sample2003.oss-cn-guangzhou.aliyuncs.com/music/lyric/%E4%B8%80%E5%8F%A3%E6%B0%94%E5%85%A8%E5%BF%B5%E5%AF%B9-%E5%91%A8%E6%9D%B0%E4%BC%A6.txt', '流行', '[\"流行\"]', 0, 0, '2014-12-25 00:00:00', '2024-12-11 10:57:54', '2024-12-11 10:57:54');
INSERT INTO `song` VALUES (127, 1, 13, '我要夏天', '[\"杨瑞代\"]', 280, 'https://sample2003.oss-cn-guangzhou.aliyuncs.com/music/song/%E6%88%91%E8%A6%81%E5%A4%8F%E5%A4%A9-%E5%91%A8%E6%9D%B0%E4%BC%A6%26%E6%9D%A8%E7%91%9E%E4%BB%A3.mp3', 'https://sample2003.oss-cn-guangzhou.aliyuncs.com/music/song/%E6%88%91%E8%A6%81%E5%A4%8F%E5%A4%A9-%E5%91%A8%E6%9D%B0%E4%BC%A6%26%E6%9D%A8%E7%91%9E%E4%BB%A3.flac', 'https://sample2003.oss-cn-guangzhou.aliyuncs.com/music/image/13aybco.jpg', 'https://sample2003.oss-cn-guangzhou.aliyuncs.com/music/lyric/%E6%88%91%E8%A6%81%E5%A4%8F%E5%A4%A9-%E5%91%A8%E6%9D%B0%E4%BC%A6%26%E6%9D%A8%E7%91%9E%E4%BB%A3.txt', '流行', '[\"流行\"]', 0, 0, '2014-12-25 00:00:00', '2024-12-11 10:57:54', '2024-12-11 10:57:54');
INSERT INTO `song` VALUES (128, 1, 13, '手写的从前', NULL, 280, 'https://sample2003.oss-cn-guangzhou.aliyuncs.com/music/song/%E6%89%8B%E5%86%99%E7%9A%84%E4%BB%8E%E5%89%8D-%E5%91%A8%E6%9D%B0%E4%BC%A6.mp3', 'https://sample2003.oss-cn-guangzhou.aliyuncs.com/music/song/%E6%89%8B%E5%86%99%E7%9A%84%E4%BB%8E%E5%89%8D-%E5%91%A8%E6%9D%B0%E4%BC%A6.flac', 'https://sample2003.oss-cn-guangzhou.aliyuncs.com/music/image/13aybco.jpg', 'https://sample2003.oss-cn-guangzhou.aliyuncs.com/music/lyric/%E6%89%8B%E5%86%99%E7%9A%84%E4%BB%8E%E5%89%8D-%E5%91%A8%E6%9D%B0%E4%BC%A6.txt', '流行', '[\"流行\"]', 0, 0, '2014-12-25 00:00:00', '2024-12-11 10:57:54', '2024-12-11 10:57:54');
INSERT INTO `song` VALUES (129, 1, 13, '鞋子特大号', NULL, 280, 'https://sample2003.oss-cn-guangzhou.aliyuncs.com/music/song/%E9%9E%8B%E5%AD%90%E7%89%B9%E5%A4%A7%E5%8F%B7-%E5%91%A8%E6%9D%B0%E4%BC%A6.mp3', 'https://sample2003.oss-cn-guangzhou.aliyuncs.com/music/song/%E9%9E%8B%E5AD%90%E7%89%B9%E5%A4%A7%E5%8F%B7-%E5%91%A8%E6%9D%B0%E4%BC%A6.flac', 'https://sample2003.oss-cn-guangzhou.aliyuncs.com/music/image/13aybco.jpg', 'https://sample2003.oss-cn-guangzhou.aliyuncs.com/music/lyric/%E9%9E%8B%E5AD%90%E7%89%B9%E5%A4%A7%E5%8F%B7-%E5%91%A8%E6%9D%B0%E4%BC%A6.txt', '流行', '[\"流行\"]', 0, 0, '2014-12-25 00:00:00', '2024-12-11 10:57:54', '2024-12-11 10:57:54');
INSERT INTO `song` VALUES (130, 1, 13, '听爸爸的话', NULL, 280, 'https://sample2003.oss-cn-guangzhou.aliyuncs.com/music/song/%E5%90%AC%E7%88%B8%E7%88%B8%E7%9A%84%E8%AF%9D-%E5%91%A8%E6%9D%B0%E4%BC%A6.mp3', 'https://sample2003.oss-cn-guangzhou.aliyuncs.com/music/song/%E5%90%AC%E7%88%B8%E7%88%B8%E7%9A%84%E8%AF%9D-%E5%91%A8%E6%9D%B0%E4%BC%A6.flac', 'https://sample2003.oss-cn-guangzhou.aliyuncs.com/music/image/13aybco.jpg', 'https://sample2003.oss-cn-guangzhou.aliyuncs.com/music/lyric/%E5%90%AC%E7%88%B8%E7%88%B8%E7%9A%84%E8%AF%9D-%E5%91%A8%E6%9D%B0%E4%BC%A6.txt', '流行', '[\"流行\"]', 0, 0, '2014-12-25 00:00:00', '2024-12-11 10:57:54', '2024-12-11 10:57:54');
INSERT INTO `song` VALUES (131, 1, 13, '美人鱼', NULL, 280, 'https://sample2003.oss-cn-guangzhou.aliyuncs.com/music/song/%E7%BE%8E%E4%BA%BA%E9%B1-%E5%91%A8%E6%9D%B0%E4%BC%A6.mp3', 'https://sample2003.oss-cn-guangzhou.aliyuncs.com/music/song/%E7%BE%8E%E4%BA%BA%E9%B1-%E5%91%A8%E6%9D%B0%E4%BC%A6.flac', 'https://sample2003.oss-cn-guangzhou.aliyuncs.com/music/image/13aybco.jpg', 'https://sample2003.oss-cn-guangzhou.aliyuncs.com/music/lyric/%E7%BE%8E%E4%BA%BA%E9%B1-%E5%91%A8%E6%9D%B0%E4%BC%A6.txt', '流行', '[\"流行\"]', 0, 0, '2014-12-25 00:00:00', '2024-12-11 10:57:54', '2024-12-11 10:57:54');
INSERT INTO `song` VALUES (132, 1, 14, '床边故事', NULL, 280, 'https://sample2003.oss-cn-guangzhou.aliyuncs.com/music/song/%E5%BA%8A%E8%BE%B9%E6%95%85%E4%BA%8B-%E5%91%A8%E6%9D%B0%E4%BC%A6.mp3', 'https://sample2003.oss-cn-guangzhou.aliyuncs.com/music/song/%E5%BA%8A%E8%BE%B9%E6%95%85%E4%BA%8B-%E5%91%A8%E6%9D%B0%E4%BC%A6.flac', 'https://sample2003.oss-cn-guangzhou.aliyuncs.com/music/image/14zjldcbgs.jpg', 'https://sample2003.oss-cn-guangzhou.aliyuncs.com/music/lyric/%E5%BA%8A%E8%BE%B9%E6%95%85%E4%BA%8B-%E5%91%A8%E6%9D%B0%E4%BC%A6.txt', '流行', '[\"流行\"]', 0, 0, '2016-06-24 00:00:00', '2024-12-11 10:57:54', '2024-12-11 10:57:54');
INSERT INTO `song` VALUES (133, 1, 14, '说走就走', NULL, 280, 'https://sample2003.oss-cn-guangzhou.aliyuncs.com/music/song/%E8%AF%B4%E8%B5%B0%E5%B0%B1%E8%B5%B0-%E5%91%A8%E6%9D%B0%E4%BC%A6.mp3', 'https://sample2003.oss-cn-guangzhou.aliyuncs.com/music/song/%E8%AF%B4%E8%B5%B0%E5%B0%B1%E8%B5%B0-%E5%91%A8%E6%9D%B0%E4%BC%A6.flac', 'https://sample2003.oss-cn-guangzhou.aliyuncs.com/music/image/14zjldcbgs.jpg', 'https://sample2003.oss-cn-guangzhou.aliyuncs.com/music/lyric/%E8%AF%B4%E8%B5%B0%E5%B0%B1%E8%B5%B0-%E5%91%A8%E6%9D%B0%E4%BC%A6.txt', '流行', '[\"流行\"]', 0, 0, '2016-06-24 00:00:00', '2024-12-11 10:57:54', '2024-12-11 10:57:54');
INSERT INTO `song` VALUES (134, 1, 14, '一点点', NULL, 280, 'https://sample2003.oss-cn-guangzhou.aliyuncs.com/music/song/%E4%B8%80%E7%82%B9%E7%82%B9-%E5%91%A8%E6%9D%B0%E4%BC%A6.mp3', 'https://sample2003.oss-cn-guangzhou.aliyuncs.com/music/song/%E4%B8%80%E7%82%B9%E7%82%B9-%E5%91%A8%E6%9D%B0%E4%BC%A6.flac', 'https://sample2003.oss-cn-guangzhou.aliyuncs.com/music/image/14zjldcbgs.jpg', 'https://sample2003.oss-cn-guangzhou.aliyuncs.com/music/lyric/%E4%B8%80%E7%82%B9%E7%82%B9-%E5%91%A8%E6%9D%B0%E4%BC%A6.txt', '流行', '[\"流行\"]', 0, 0, '2016-06-24 00:00:00', '2024-12-11 10:57:54', '2024-12-11 10:57:54');
INSERT INTO `song` VALUES (135, 1, 14, '前世情人', NULL, 280, 'https://sample2003.oss-cn-guangzhou.aliyuncs.com/music/song/%E5%89%89%E6%97%A2%E6%83%85%E4%BA%BA-%E5%91%A8%E6%9D%B0%E4%BC%A6.mp3', 'https://sample2003.oss-cn-guangzhou.aliyuncs.com/music/song/%E5%89%89%E6%97%A2%E6%83%85%E4%BA%BA-%E5%91%A8%E6%9D%B0%E4%BC%A6.flac', 'https://sample2003.oss-cn-guangzhou.aliyuncs.com/music/image/14zjldcbgs.jpg', 'https://sample2003.oss-cn-guangzhou.aliyuncs.com/music/lyric/%E5%89%89%E6%97%A2%E6%83%85%E4%BA%BA-%E5%91%A8%E6%9D%B0%E4%BC%A6.txt', '流行', '[\"流行\"]', 0, 0, '2016-06-24 00:00:00', '2024-12-11 10:57:54', '2024-12-11 10:57:54');
INSERT INTO `song` VALUES (136, 1, 14, '英雄', NULL, 280, 'https://sample2003.oss-cn-guangzhou.aliyuncs.com/music/song/%E8%8B%B1%E9%9B%8-%E5%91%A8%E6%9D%B0%E4%BC%A6.mp3', 'https://sample2003.oss-cn-guangzhou.aliyuncs.com/music/song/%E8%8B%B1%E9%9B%8-%E5%91%A8%E6%9D%B0%E4%BC%A6.flac', 'https://sample2003.oss-cn-guangzhou.aliyuncs.com/music/image/14zjldcbgs.jpg', 'https://sample2003.oss-cn-guangzhou.aliyuncs.com/music/lyric/%E8%8B%B1%E9%9B%8-%E5%91%A8%E6%9D%B0%E4%BC%A6.txt', '流行', '[\"流行\"]', 0, 0, '2016-06-24 00:00:00', '2024-12-11 10:57:54', '2024-12-11 10:57:54');
INSERT INTO `song` VALUES (137, 1, 14, '不该 (with aMEI)', '[\"张惠妹\"]', 280, 'https://sample2003.oss-cn-guangzhou.aliyuncs.com/music/song/%E4%B8%8D%E8%AF%A5%20(with%20aMEI)-%E5%91%A8%E6%9D%B0%E4%BC%A6%26%E5%BC%A0%E6%83%A0%E5%A6%B9.mp3', 'https://sample2003.oss-cn-guangzhou.aliyuncs.com/music/song/%E4%B8%8D%E8%AF%A5%20(with%20aMEI)-%E5%91%A8%E6%9D%B0%E4%BC%A6%26%E5%BC%A0%E6%83%A0%E5%A6%B9.flac', 'https://sample2003.oss-cn-guangzhou.aliyuncs.com/music/image/14zjldcbgs.jpg', 'https://sample2003.oss-cn-guangzhou.aliyuncs.com/music/lyric/%E4%B8%8D%E8%AF%A5%20(with%20aMEI)-%E5%91%A8%E6%9D%B0%E4%BC%A6%26%E5%BC%A0%E6%83%A0%E5%A6%B9.txt', '流行', '[\"流行\"]', 0, 0, '2016-06-24 00:00:00', '2024-12-11 10:57:54', '2024-12-11 10:57:54');
INSERT INTO `song` VALUES (138, 1, 14, '土耳其冰淇淋', NULL, 280, 'https://sample2003.oss-cn-guangzhou.aliyuncs.com/music/song/%E5%9C%9F%E8%B0%94%E5%85%B6%E5%86%B7%E6%B7%86%E6%B7%8B-%E5%91%A8%E6%9D%B0%E4%BC%A6.mp3', 'https://sample2003.oss-cn-guangzhou.aliyuncs.com/music/song/%E5%9C%9F%E8%B0%94%E5%85%B6%E5%86%B7%E6%B7%86%E6%B7%8B-%E5%91%A8%E6%9D%B0%E4%BC%A6.flac', 'https://sample2003.oss-cn-guangzhou.aliyuncs.com/music/image/14zjldcbgs.jpg', 'https://sample2003.oss-cn-guangzhou.aliyuncs.com/music/lyric/%E5%9C%9F%E8%B0%94%E5%85%B6%E5%86%B7%E6%B7%86%E6%B7%8B-%E5%91%A8%E6%9D%B0%E4%BC%A6.txt', '流行', '[\"流行\"]', 0, 0, '2016-06-24 00:00:00', '2024-12-11 10:57:54', '2024-12-11 10:57:54');
INSERT INTO `song` VALUES (139, 1, 14, '告白气球', NULL, 280, 'https://sample2003.oss-cn-guangzhou.aliyuncs.com/music/song/%E5%91%82%E7%99%BD%E6%B0%94%E7%90%83-%E5%91%A8%E6%9D%B0%E4%BC%A6.mp3', 'https://sample2003.oss-cn-guangzhou.aliyuncs.com/music/song/%E5%91%82%E7%99%BD%E6%B0%94%E7%90%83-%E5%91%A8%E6%9D%B0%E4%BC%A6.flac', 'https://sample2003.oss-cn-guangzhou.aliyuncs.com/music/image/14zjldcbgs.jpg', 'https://sample2003.oss-cn-guangzhou.aliyuncs.com/music/lyric/%E5%91%82%E7%99%BD%E6%B0%94%E7%90%83-%E5%91%A8%E6%9D%B0%E4%BC%A6.txt', '流行', '[\"流行\"]', 0, 0, '2016-06-24 00:00:00', '2024-12-11 10:57:54', '2024-12-11 10:57:54');
INSERT INTO `song` VALUES (140, 1, 15, 'Intro', NULL, 280, 'https://sample2003.oss-cn-guangzhou.aliyuncs.com/music/song/%E5%85%A8%E6%96%E4%B8%AD%E6%96%87%E5%AD%97-%E5%91%A8%E6%9D%B0%E4%BC%A6.mp3', 'https://sample2003.oss-cn-guangzhou.aliyuncs.com/music/song/%E5%85%A8%E6%96%E4%B8%AD%E6%96%87%E5%AD%97-%E5%91%A8%E6%9D%B0%E4%BC%A6.flac', 'https://sample2003.oss-cn-guangzhou.aliyuncs.com/music/image/15zwddzp.jpg', 'https://sample2003.oss-cn-guangzhou.aliyuncs.com/music/lyric/%E5%85%A8%E6%96%E4%B8%AD%E6%96%87%E5%AD%97-%E5%91%A8%E6%9D%B0%E4%BC%A6.txt', '流行', '[\"流行\"]', 0, 0, '2022-07-06 00:00:00', '2024-12-11 14:57:33', '2024-12-11 14:57:33');
INSERT INTO `song` VALUES (141, 1, 15, '最伟大的作品', NULL, 280, 'https://sample2003.oss-cn-guangzhou.aliyuncs.com/music/song/%E6%9C%80%E5%BE%AE%E5%A4%A7%E7%9A%84%E4%BD%9C%E5%93%81-%E5%91%A8%E6%9D%B0%E4%BC%A6.mp3', 'https://sample2003.oss-cn-guangzhou.aliyuncs.com/music/song/%E6%9C%80%E5%BE%AE%E5%A4%A7%E7%9A%84%E4%BD%9C%E5%93%81-%E5%91%A8%E6%9D%B0%E4%BC%A6.flac', 'https://sample2003.oss-cn-guangzhou.aliyuncs.com/music/image/15zwddzp.jpg', 'https://sample2003.oss-cn-guangzhou.aliyuncs.com/music/lyric/%E6%9C%80%E5%BE%AE%E5%A4%A7%E7%9A%84%E4%BD%9C%E5%93%81-%E5%91%A8%E6%9D%B0%E4%BC%A6.txt', '流行', '[\"流行\"]', 0, 0, '2022-07-06 00:00:00', '2024-12-11 14:57:33', '2024-12-11 14:57:33');
INSERT INTO `song` VALUES (142, 1, 15, '还在流浪', NULL, 280, 'https://sample2003.oss-cn-guangzhou.aliyuncs.com/music/song/%E8%BF%98%E5%9C%A8%E6%B5%81%E6%B5%AA-%E5%91%A8%E6%9D%B0%E4%BC%A6.mp3', 'https://sample2003.oss-cn-guangzhou.aliyuncs.com/music/song/%E8%BF%98%E5%9C%A8%E6%B5%81%E6%B5%AA-%E5%91%A8%E6%9D%B0%E4%BC%A6.flac', 'https://sample2003.oss-cn-guangzhou.aliyuncs.com/music/image/15zwddzp.jpg', 'https://sample2003.oss-cn-guangzhou.aliyuncs.com/music/lyric/%E8%BF%98%E5%9C%A8%E6%B5%81%E6%B5%AA-%E5%91%A8%E6%9D%B0%E4%BC%A6.txt', '流行', '[\"流行\"]', 0, 0, '2022-07-06 00:00:00', '2024-12-11 14:57:33', '2024-12-11 14:57:33');
INSERT INTO `song` VALUES (143, 1, 15, '说好不哭 (with 五月天阿信)', '[\"五月天阿信\"]', 280, 'https://sample2003.oss-cn-guangzhou.aliyuncs.com/music/song/%E8%AF%B4%E5%A5%BD%E4%B8%8D%E5%93%AD%20(with%20%E4%BA%94%E6%9C%88%E5%A4%A9%E9%98%BF%E4%BF%A1)-%E5%91%A8%E6%9D%B0%E4%BC%A6.mp3', 'https://sample2003.oss-cn-guangzhou.aliyuncs.com/music/song/%E8%AF%B4%E5%A5%BD%E4%B8%8D%E5%93%AD%20(with%20%E4%BA%94%E6%9C%88%E5%A4%A9%E9%98%BF%E4%BF%A1)-%E5%91%A8%E6%9D%B0%E4%BC%A6.flac', 'https://sample2003.oss-cn-guangzhou.aliyuncs.com/music/image/15zwddzp.jpg', 'https://sample2003.oss-cn-guangzhou.aliyuncs.com/music/lyric/%E8%AF%B4%E5%A5%BD%E4%B8%8D%E5%93%AD%20(with%20%E4%BA%94%E6%9C%88%E5%A4%A9%E9%98%BF%E4%BF%A1)-%E5%91%A8%E6%9D%B0%E4%BC%A6.txt', '流行', '[\"流行\"]', 0, 0, '2022-07-06 00:00:00', '2024-12-11 14:57:33', '2024-12-11 14:57:33');
INSERT INTO `song` VALUES (144, 1, 15, '红颜如霜', NULL, 280, 'https://sample2003.oss-cn-guangzhou.aliyuncs.com/music/song/%E7%BA%A2%E9%A2%9C%E5%A6%82%E9%9C%9C-%E5%91%A8%E6%9D%B0%E4%BC%A6.mp3', 'https://sample2003.oss-cn-guangzhou.aliyuncs.com/music/song/%E7%BA%A2%E9%A2%9C%E5%A6%82%E9%9C%9C-%E5%91%A8%E6%9D%B0%E4%BC%A6.flac', 'https://sample2003.oss-cn-guangzhou.aliyuncs.com/music/image/15zwddzp.jpg', 'https://sample2003.oss-cn-guangzhou.aliyuncs.com/music/lyric/%E7%BA%A2%E9%A2%9C%E5%A6%82%E9%9C%9C-%E5%91%A8%E6%9D%B0%E4%BC%A6.txt', '中国风', '[\"流行\", \"中国风\"]', 0, 0, '2022-07-06 00:00:00', '2024-12-11 14:57:33', '2024-12-11 14:57:33');
INSERT INTO `song` VALUES (145, 1, 15, '不爱我就拉倒', NULL, 280, 'https://sample2003.oss-cn-guangzhou.aliyuncs.com/music/song/%E4%B8%8D%E7%88%B1%E6%88%91%E5%B0%B1%E6%8B%89%E5%80%92-%E5%91%A8%E6%9D%B0%E4%BC%A6.mp3', 'https://sample2003.oss-cn-guangzhou.aliyuncs.com/music/song/%E4%B8%8D%E7%88%B1%E6%88%91%E5%B0%B1%E6%8B%89%E5%80%92-%E5%91%A8%E6%9D%B0%E4%BC%A6.flac', 'https://sample2003.oss-cn-guangzhou.aliyuncs.com/music/image/15zwddzp.jpg', 'https://sample2003.oss-cn-guangzhou.aliyuncs.com/music/lyric/%E4%B8%8D%E7%88%B1%E6%88%91%E5%B0%B1%E6%8B%89%E5%80%92-%E5%91%A8%E6%9D%B0%E4%BC%A6.txt', '流行', '[\"流行\"]', 0, 0, '2022-07-06 00:00:00', '2024-12-11 14:57:33', '2024-12-11 14:57:33');
INSERT INTO `song` VALUES (146, 1, 15, 'Mojito', NULL, 280, 'https://sample2003.oss-cn-guangzhou.aliyuncs.com/music/song/Mojito-%E5%91%A8%E6%9D%B0%E4%BC%A6.mp3', 'https://sample2003.oss-cn-guangzhou.aliyuncs.com/music/song/Mojito-%E5%91%A8%E6%9D%B0%E4%BC%A6.flac', 'https://sample2003.oss-cn-guangzhou.aliyuncs.com/music/image/15zwddzp.jpg', 'https://sample2003.oss-cn-guangzhou.aliyuncs.com/music/lyric/Mojito-%E5%91%A8%E6%9D%B0%E4%BC%A6.txt', '流行', '[\"流行\"]', 0, 0, '2022-07-06 00:00:00', '2024-12-11 14:57:33', '2024-12-11 14:57:33');
INSERT INTO `song` VALUES (147, 1, 15, '错过的烟火', NULL, 280, 'https://sample2003.oss-cn-guangzhou.aliyuncs.com/music/song/%E9%94%99%E8%BF%87%E7%9A%84%E7%83%9B%E7%81%AB-%E5%91%A8%E6%9D%B0%E4%BC%A6.mp3', 'https://sample2003.oss-cn-guangzhou.aliyuncs.com/music/song/%E9%94%99%E8%BF%87%E7%9A%84%E7%83%9B%E7%81%AB-%E5%91%A8%E6%9D%B0%E4%BC%A6.flac', 'https://sample2003.oss-cn-guangzhou.aliyuncs.com/music/image/15zwddzp.jpg', 'https://sample2003.oss-cn-guangzhou.aliyuncs.com/music/lyric/%E9%94%99%E8%BF%87%E7%9A%84%E7%83%9B%E7%81%AB-%E5%91%A8%E6%9D%B0%E4%BC%A6.txt', '流行', '[\"流行\"]', 0, 0, '2022-07-06 00:00:00', '2024-12-11 14:57:33', '2024-12-11 14:57:33');
INSERT INTO `song` VALUES (148, 1, 15, '等你下课 (with 杨瑞代)', '[\"杨瑞代\"]', 280, 'https://sample2003.oss-cn-guangzhou.aliyuncs.com/music/song/%E7%AD%89%E4%BD%A0%E4%B8%8B%E8%AF%BE%20(with%20%E6%9D%A8%E7%91%9E%E4%BB%A3)-%E5%91%A8%E6%9D%B0%E4%BC%A6.mp3', 'https://sample2003.oss-cn-guangzhou.aliyuncs.com/music/song/%E7%AD%89%E4%BD%A0%E4%B8%8B%E8%AF%BE%20(with%20%E6%9D%A8%E7%91%9E%E4%BB%A3)-%E5%91%A8%E6%9D%B0%E4%BC%A6.flac', 'https://sample2003.oss-cn-guangzhou.aliyuncs.com/music/image/15zwddzp.jpg', 'https://sample2003.oss-cn-guangzhou.aliyuncs.com/music/lyric/%E7%AD%89%E4%BD%A0%E4%B8%8B%E8%AF%BE%20(with%20%E6%9D%A8%E7%91%9E%E4%BB%A3)-%E5%91%A8%E6%9D%B0%E4%BC%A6.txt', '流行', '[\"流行\"]', 0, 0, '2022-07-06 00:00:00', '2024-12-11 14:57:33', '2024-12-11 14:57:33');
INSERT INTO `song` VALUES (149, 1, 15, '粉色海洋', NULL, 280, 'https://sample2003.oss-cn-guangzhou.aliyuncs.com/music/song/%E7%B2%89%E8%89%B2%E6%B5%B7%E6%B4%8B-%E5%91%A8%E6%9D%B0%E4%BC%A6.mp3', 'https://sample2003.oss-cn-guangzhou.aliyuncs.com/music/song/%E7%B2%89%E8%89%B2%E6%B5%B7%E6%B4%8B-%E5%91%A8%E6%9D%B0%E4%BC%A6.flac', 'https://sample2003.oss-cn-guangzhou.aliyuncs.com/music/image/15zwddzp.jpg', 'https://sample2003.oss-cn-guangzhou.aliyuncs.com/music/lyric/%E7%B2%89%E8%89%B2%E6%B5%B7%E6%B4%8B-%E5%91%A8%E6%9D%B0%E4%BC%A6.txt', '流行', '[\"流行\"]', 0, 0, '2022-07-06 00:00:00', '2024-12-11 14:57:33', '2024-12-11 14:57:33');
INSERT INTO `song` VALUES (150, 1, 15, '倒影', NULL, 280, 'https://sample2003.oss-cn-guangzhou.aliyuncs.com/music/song/%E5%80%92%E5%BD%B1-%E5%91%A8%E6%9D%B0%E4%BC%A6.mp3', 'https://sample2003.oss-cn-guangzhou.aliyuncs.com/music/song/%E5%80%92%E5%BD%B1-%E5%91%A8%E6%9D%B0%E4%BC%A6.flac', 'https://sample2003.oss-cn-guangzhou.aliyuncs.com/music/image/15zwddzp.jpg', 'https://sample2003.oss-cn-guangzhou.aliyuncs.com/music/lyric/%E5%80%92%E5%BD%B1-%E5%91%A8%E6%9D%B0%E4%BC%A6.txt', '流行', '[\"流行\"]', 0, 0, '2022-07-06 00:00:00', '2024-12-11 14:57:33', '2024-12-11 14:57:33');
INSERT INTO `song` VALUES (151, 1, 15, '我是如此相信', NULL, 280, 'https://sample2003.oss-cn-guangzhou.aliyuncs.com/music/song/%E6%88%91%E6%98%AF%E5%A6%82%E6%AD%A4%E7%9B%B8%E4%BF%A1-%E5%91%A8%E6%9D%B0%E4%BC%A6.mp3', 'https://sample2003.oss-cn-guangzhou.aliyuncs.com/music/song/%E6%88%91%E6%98%AF%E5%A6%82%E6%AD%A4%E7%9B%B8%E4%BF%A1-%E5%91%A8%E6%9D%B0%E4%BC%A6.flac', 'https://sample2003.oss-cn-guangzhou.aliyuncs.com/music/image/15zwddzp.jpg', 'https://sample2003.oss-cn-guangzhou.aliyuncs.com/music/lyric/%E6%88%91%E6%98%AF%E5%A6%82%E6%AD%A4%E7%9B%B8%E4%BF%A1-%E5%91%A8%E6%9D%B0%E4%BC%A6.txt', '流行', '[\"流行\"]', 0, 0, '2022-07-06 00:00:00', '2024-12-11 14:57:33', '2024-12-11 14:57:33');
INSERT INTO `song` VALUES (152, 1, NULL, '轨迹', NULL, 280, '', 'https://sample2003.oss-cn-guangzhou.aliyuncs.com/music/song/%E8%BD%A8%E8%BF%B9-%E5%91%A8%E6%9D%B0%E4%BC%A6.flac', 'https://sample2003.oss-cn-guangzhou.aliyuncs.com/music/image/xzzjl.jpg', 'https://sample2003.oss-cn-guangzhou.aliyuncs.com/music/lyric/%E8%BD%A8%E8%BF%B9-%E5%91%A8%E6%9D%B0%E4%BC%A6.txt', '抒情', '[\"流行\", \"抒情\"]', 0, 0, '2003-11-13 00:00:00', '2024-12-27 18:13:29', '2024-12-27 18:13:29');
INSERT INTO `song` VALUES (153, 2, 16, 'Long Kiss Good Bye-《火影忍者疾风传》TV动画第298-310集片尾曲-HALCALI', NULL, 280, 'https://sample2003.oss-cn-guangzhou.aliyuncs.com/music/song/Long%20Kiss%20Good%20Bye-%E3%80%8A%E7%81%AB%E5%BD%B1%E5%BF%8D%E8%80%85%E7%96%BE%E9%A3%8E%E4%BC%A0%E3%80%8BTV%E5%8A%A8%E7%94%BB%E7%AC%AC298-310%E9%9B%86%E7%89%87%E5%B0%BE%E6%9B%B2-HALCALI.mp3', 'https://sample2003.oss-cn-guangzhou.aliyuncs.com/music/song/Long%20Kiss%20Good%20Bye-%E3%80%8A%E7%81%AB%E5%BD%B1%E5%BF%8D%E8%80%85%E7%96%BE%E9%A3%8E%E4%BC%A0%E3%80%8BTV%E5%8A%A8%E7%94%BB%E7%AC%AC298-310%E9%9B%86%E7%89%87%E5%B0%BE%E6%9B%B2-HALCALI.flac', 'https://sample2003.oss-cn-guangzhou.aliyuncs.com/music/image/Long%20Kiss%20Good%20Bye-%E3%80%8A%E7%81%AB%E5%BD%B1%E5%BF%8D%E8%80%85%E7%96%BE%E9%A3%8E%E4%BC%A0%E3%80%8BTV%E5%8A%A8%E7%94%BB%E7%AC%AC298-310%E9%9B%86%E7%89%87%E5%B0%BE%E6%9B%B2-HALCALI.jpg', 'https://sample2003.oss-cn-guangzhou.aliyuncs.com/music/lyric/Long%20Kiss%20Good%20Bye-%E3%80%8A%E7%81%AB%E5%BD%B1%E5%BF%8D%E8%80%85%E7%96%BE%E9%A3%8E%E4%BC%A0%E3%80%8BTV%E5%8A%A8%E7%94%BB%E7%AC%AC298-310%E9%9B%86%E7%89%87%E5%B0%BE%E6%9B%B2-HALCALI.txt', '动画', '[\"动画\",\"火影忍者\"]', 1110, 1, '2008-07-06 00:00:00', '2024-12-19 10:07:19', '2024-12-19 10:07:19');
INSERT INTO `song` VALUES (200, 1, NULL, '圣诞星 (feat-杨瑞代)', '[\"杨瑞代\"]', 280, '', 'https://sample2003.oss-cn-guangzhou.aliyuncs.com/music/song/%E5%9C%A3%E8%AF%9E%E6%98%9F%20(feat-%E6%9D%A8%E7%91%9E%E4%BB%A3).flac', 'https://sample2003.oss-cn-guangzhou.aliyuncs.com/music/image/%E5%9C%A3%E8%AF%9E%E6%98%9F%20(feat-%E6%9D%A8%E7%91%9E%E4%BB%A3).jpg', 'https://sample2003.oss-cn-guangzhou.aliyuncs.com/music/lyric/%E5%9C%A3%E8%AF%9E%E6%98%9F%20(feat-%E6%9D%A8%E7%91%9E%E4%BB%A3).txt', '流行', NULL, 0, 0, '2023-12-22 00:00:00', '2024-12-28 10:45:09', '2024-12-28 10:45:09');

-- ----------------------------
-- Table structure for songfeature
-- ----------------------------
DROP TABLE IF EXISTS `songfeature`;
CREATE TABLE `songfeature`  (
  `song_id` int NOT NULL AUTO_INCREMENT COMMENT '歌曲id',
  `mfcc` json NULL COMMENT 'MFCC特征',
  `tempo` float NULL DEFAULT NULL COMMENT '节奏',
  `filename` varchar(255) CHARACTER SET utf8mb4 COLLATE utf8mb4_0900_ai_ci NULL DEFAULT NULL,
  PRIMARY KEY (`song_id`) USING BTREE
) ENGINE = InnoDB AUTO_INCREMENT = 2 CHARACTER SET = utf8mb4 COLLATE = utf8mb4_0900_ai_ci ROW_FORMAT = Dynamic;

-- ----------------------------
-- Records of songfeature
-- ----------------------------
INSERT INTO `songfeature` VALUES (1, '[-103.70299530029295, 88.58061218261719, 4.959054946899414, 9.501815795898438, -1.725482940673828, 4.441530227661133, -4.046633720397949, 0.3746873736381531, -2.592613220214844, 2.038169860839844, -4.0111083984375, 1.120105862617493, -3.8785150051116943]', 95.7031, '1984-Charlie Puth.mp3');

-- ----------------------------
-- Table structure for user
-- ----------------------------
DROP TABLE IF EXISTS `user`;
CREATE TABLE `user`  (
  `id` bigint NOT NULL AUTO_INCREMENT COMMENT '主键',
  `username` varchar(32) CHARACTER SET utf8mb3 COLLATE utf8mb3_bin NOT NULL COMMENT '用户名',
  `password` varchar(32) CHARACTER SET utf8mb3 COLLATE utf8mb3_bin NOT NULL COMMENT '密码',
  `nickname` varchar(18) CHARACTER SET utf8mb3 COLLATE utf8mb3_bin NULL DEFAULT NULL COMMENT '昵称',
  `phone` varchar(11) CHARACTER SET utf8mb3 COLLATE utf8mb3_bin NULL DEFAULT NULL COMMENT '手机号',
  `email` varchar(32) CHARACTER SET utf8mb3 COLLATE utf8mb3_bin NULL DEFAULT NULL COMMENT '邮箱',
  `sex` varchar(2) CHARACTER SET utf8mb3 COLLATE utf8mb3_bin NULL DEFAULT NULL COMMENT '性别',
  `avatar` varchar(500) CHARACTER SET utf8mb3 COLLATE utf8mb3_bin NULL DEFAULT NULL COMMENT '头像',
  `likes` int NOT NULL DEFAULT 0 COMMENT '关注数',
  `exp` int NOT NULL DEFAULT 0 COMMENT '等级',
  `openid` varchar(255) CHARACTER SET utf8mb3 COLLATE utf8mb3_bin NULL DEFAULT NULL COMMENT '第三方登录id',
  `status` int NOT NULL DEFAULT 1 COMMENT '状态 0:登录，1:启用，2:禁用',
  `description` varchar(255) CHARACTER SET utf8mb3 COLLATE utf8mb3_bin NOT NULL DEFAULT '什么都没留下哦~' COMMENT '个人简介',
  `create_time` datetime NULL DEFAULT CURRENT_TIMESTAMP COMMENT '创建时间',
  `update_time` datetime NULL DEFAULT CURRENT_TIMESTAMP COMMENT '更新时间',
  `deleted` tinyint NOT NULL DEFAULT 0 COMMENT '是否被删除 0:否，1:是',
  PRIMARY KEY (`id`) USING BTREE,
  INDEX `idx_username`(`username` ASC) USING BTREE
) ENGINE = InnoDB AUTO_INCREMENT = 14 CHARACTER SET = utf8mb3 COLLATE = utf8mb3_bin COMMENT = '用户信息' ROW_FORMAT = DYNAMIC;

-- ----------------------------
-- Records of user
-- ----------------------------
INSERT INTO `user` VALUES (5, 'admin', 'e10adc3949ba59abbe56e057f20f883e', NULL, NULL, '1381231231@qq.com', '未知', 'https://sample2003.oss-cn-guangzhou.aliyuncs.com/music/image/wuk.jpg', 0, 0, NULL, 0, '什么都没留下哦~', '2024-11-24 22:19:17', '2024-11-24 22:19:17', 0);
INSERT INTO `user` VALUES (13, 'user', 'e10adc3949ba59abbe56e057f20f883e', NULL, NULL, '123456', '未知', NULL, 0, 0, NULL, 0, '什么都没留下哦~', '2024-12-24 10:06:54', '2024-12-24 10:06:54', 0);

-- ----------------------------
-- Table structure for user_config
-- ----------------------------
DROP TABLE IF EXISTS `user_config`;
CREATE TABLE `user_config`  (
  `user_id` bigint NOT NULL COMMENT '用户id',
  `role` tinyint NOT NULL DEFAULT 2 COMMENT '用户身份 0：最高权限，1：管理员，2：用户',
  `status` tinyint NOT NULL DEFAULT 1 COMMENT '状态 0：禁用，1：启用',
  `deleted` tinyint NOT NULL DEFAULT 1 COMMENT '是否已注销 0：是，1：否',
  INDEX `fk_user_config`(`user_id` ASC) USING BTREE,
  CONSTRAINT `fk_user_config` FOREIGN KEY (`user_id`) REFERENCES `user` (`id`) ON DELETE RESTRICT ON UPDATE CASCADE
) ENGINE = InnoDB CHARACTER SET = utf8mb4 COLLATE = utf8mb4_0900_ai_ci ROW_FORMAT = Dynamic;

-- ----------------------------
-- Records of user_config
-- ----------------------------
INSERT INTO `user_config` VALUES (5, 1, 1, 1);
INSERT INTO `user_config` VALUES (13, 2, 1, 1);

-- ----------------------------
-- Table structure for user_role
-- ----------------------------
DROP TABLE IF EXISTS `user_role`;
CREATE TABLE `user_role`  (
  `role_id` int NOT NULL COMMENT '身份',
  `user_id` bigint NOT NULL COMMENT '用户',
  PRIMARY KEY (`role_id`, `user_id`) USING BTREE,
  INDEX `user_id`(`user_id` ASC) USING BTREE,
  CONSTRAINT `user_role_ibfk_1` FOREIGN KEY (`role_id`) REFERENCES `role` (`id`) ON DELETE CASCADE ON UPDATE CASCADE,
  CONSTRAINT `user_role_ibfk_2` FOREIGN KEY (`user_id`) REFERENCES `user` (`id`) ON DELETE CASCADE ON UPDATE CASCADE
) ENGINE = InnoDB CHARACTER SET = utf8mb3 COLLATE = utf8mb3_bin COMMENT = '关联角色表' ROW_FORMAT = DYNAMIC;

-- ----------------------------
-- Records of user_role
-- ----------------------------
INSERT INTO `user_role` VALUES (1, 5);
INSERT INTO `user_role` VALUES (2, 13);

SET FOREIGN_KEY_CHECKS = 1;
